schoolID,districtID,score_t2,score_t1,change,meals,ell,yr_rnd,mobility,acs_k3,acs_46,not_hsg,hsg,some_col,col_grad,grad_sch,avg_ed,full,emer,enroll,mealcat,collcat,lgenroll,hsg_plus
906,41,693,600,93,67,9,0,11,16,22,0,0,0,0,0,NA,76,24,247,2,1,2.39269695325967,100
889,41,570,501,69,92,21,0,33,15,32,0,0,0,0,0,NA,79,19,463,3,1,2.66558099101795,100
887,41,546,472,74,97,29,0,36,17,25,0,0,0,0,0,NA,68,29,395,3,1,2.59659709562646,100
876,41,571,487,84,90,27,0,27,20,30,36,45,9,9,0,1.9099999666214,87,11,418,3,1,2.62117628177504,64
888,41,478,425,53,89,30,0,44,18,31,50,50,0,0,0,1.5,87,13,520,3,1,2.7160033436348,50
4284,98,858,844,14,10,3,0,10,20,33,1,8,24,36,31,3.89000010490417,100,0,343,1,2,2.53529412004277,99
4271,98,918,864,54,5,2,0,16,19,28,1,4,18,34,43,4.13000011444092,100,0,303,1,2,2.4814426285023,99
2910,108,831,791,40,2,3,0,44,20,31,0,4,16,50,30,4.05999994277954,96,2,1513,1,2,3.17983892802319,100
2899,108,860,838,22,5,6,0,10,20,30,2,9,15,42,33,3.96000003814697,100,0,660,1,2,2.81954393554187,98
2887,108,737,703,34,29,15,0,17,21,29,8,25,34,27,7,2.98000001907349,96,7,362,1,3,2.55870857053317,92
2911,108,851,808,43,1,2,0,16,20,30,0,3,16,45,37,4.15000009536743,100,2,768,1,2,2.88536122003151,100
2882,108,536,496,40,71,69,0,8,21,27,61,15,6,10,8,1.89999997615814,100,6,404,2,1,2.60638136511061,39
2907,108,847,815,32,3,2,0,11,20,29,1,5,17,41,37,4.07999992370605,97,3,586,1,2,2.76789761601809,99
2908,108,765,711,54,13,8,0,19,21,27,5,34,27,31,3,2.9300000667572,98,2,633,1,3,2.80140371001736,95
2895,108,809,802,7,7,8,0,16,20,31,5,27,25,37,6,3.11999988555908,89,7,379,1,3,2.57863920996807,95
2880,108,813,780,33,22,11,0,12,21,32,10,35,23,27,6,2.83999991416931,100,0,417,1,2,2.62013605497376,90
2890,108,856,816,40,7,6,0,13,21,29,1,10,15,42,32,3.95000004768372,100,0,670,1,2,2.82607480270083,99
3948,131,712,677,35,40,12,1,19,19,30,14,30,31,19,6,2.71000003814697,85,12,589,1,3,2.7701152947871,86
3956,131,805,759,46,10,1,0,26,21,31,2,16,41,29,12,3.30999994277954,93,7,770,1,3,2.88649072517248,98
3947,131,678,632,46,37,16,1,16,20,32,12,27,29,27,6,2.86999988555908,83,15,694,1,3,2.84135947045485,88
3952,131,619,570,49,57,25,1,24,19,31,19,25,29,20,6,2.6800000667572,75,25,611,2,3,2.78604121024255,81
3954,131,713,704,9,29,14,1,14,20,30,11,29,28,26,7,2.88000011444092,80,15,594,1,3,2.77378644498119,89
3943,131,704,618,86,57,19,1,22,20,30,15,32,35,14,5,2.61999988555908,69,29,564,2,3,2.75127910398334,85
3945,131,523,452,71,69,43,1,31,19,29,32,34,18,12,4,2.22000002861023,71,29,645,2,2,2.80955971463527,68
4293,135,655,632,23,65,44,0,21,20,29,0,0,0,0,0,NA,100,0,414,2,1,2.6170003411209,100
4299,135,523,441,82,74,52,1,23,19,28,0,0,0,100,0,4,87,13,631,2,1,2.80002935924413,100
4318,135,521,473,48,74,63,0,15,19,31,0,0,0,0,0,NA,94,3,343,2,1,2.53529412004277,100
4319,135,709,701,8,18,16,0,20,17,27,0,0,0,0,0,NA,96,7,404,1,1,2.60638136511061,100
4296,135,505,452,53,75,59,0,27,19,30,0,0,0,0,0,NA,94,6,504,2,1,2.70243053644553,100
4317,135,762,744,18,18,16,0,15,20,30,0,100,0,0,0,2,100,0,512,1,1,2.70926996097583,100
4322,135,722,684,38,11,21,0,20,20,28,0,0,0,0,0,NA,95,5,637,1,1,2.80413943233535,100
4307,135,603,520,83,71,54,0,19,19,30,50,25,25,0,0,1.75,88,15,594,2,3,2.77378644498119,50
4302,135,657,579,78,67,36,0,17,19,30,22,44,33,0,0,2.10999989509583,100,0,500,2,3,2.69897000433602,78
4314,135,705,655,50,46,42,0,32,17,27,0,0,0,100,0,4,96,0,320,1,1,2.50514997831991,100
4292,135,754,748,6,25,25,0,18,20,27,13,40,33,0,13,2.59999990463257,100,4,309,1,3,2.48995847942483,87
4304,135,490,431,59,71,54,0,25,23,30,0,0,0,0,0,NA,65,43,748,2,1,2.87390159786446,100
4308,135,698,680,18,44,18,0,21,19,29,100,0,0,0,0,1,100,0,527,1,1,2.72181061521255,0
600,140,843,805,38,25,6,0,17,20,32,6,35,22,28,9,2.98000001907349,91,6,465,1,2,2.66745295288995,94
596,140,800,769,31,56,6,0,41,19,30,9,32,32,21,5,2.8199999332428,94,6,451,2,3,2.65417654187796,91
611,140,857,857,0,13,4,0,12,20,32,4,11,35,31,19,3.48000001907349,100,0,432,1,3,2.63548374681491,96
595,140,713,664,49,63,35,0,15,21,32,40,29,15,12,4,2.08999991416931,92,8,524,2,2,2.71933128698373,60
592,140,804,873,-69,38,8,0,33,21,35,10,30,35,20,5,2.78999996185303,97,3,427,1,3,2.63042787502502,90
602,140,864,831,33,24,5,0,35,21,35,4,19,33,30,14,3.30999994277954,100,3,562,1,3,2.74973631556906,96
5222,166,940,917,23,0,2,0,3,20,31,0,0,4,28,67,4.61999988555908,90,0,305,1,1,2.48429983934679,100
5210,166,792,779,13,9,3,0,19,20,31,2,5,17,38,38,4.05000019073486,84,0,467,1,2,2.66931688056611,98
5217,166,887,882,5,3,5,0,14,21,31,0,4,7,32,57,4.42000007629395,93,10,520,1,1,2.7160033436348,100
3644,209,775,726,49,26,13,0,18,21,33,4,10,35,36,16,3.50999999046326,93,7,816,1,3,2.91169015875386,96
3643,209,822,766,56,16,10,1,47,21,32,1,11,29,38,19,3.63000011444092,95,3,830,1,3,2.91907809237607,99
3624,209,806,745,61,21,6,1,25,19,30,5,30,28,21,16,3.11999988555908,90,5,487,1,3,2.68752896121463,95
3623,209,816,745,71,16,6,0,18,19,32,6,17,27,36,14,3.34999990463257,100,0,307,1,3,2.48713837547719,94
3629,209,553,485,68,86,38,1,32,20,32,33,28,27,8,4,2.20000004768372,95,5,819,3,3,2.91328390176042,67
3622,209,686,633,53,75,33,1,24,21,32,32,35,16,14,3,2.21000003814697,98,2,744,2,2,2.87157293554588,68
4017,238,483,444,39,79,40,1,24,20,28,37,27,27,7,3,2.13000011444092,87,13,672,2,3,2.82736927305383,63
58,248,801,765,36,20,12,0,18,19,30,7,16,25,36,15,3.34999990463257,89,14,416,1,3,2.61909333062674,93
70,248,753,694,59,25,19,0,14,21,29,10,22,19,34,16,3.25,85,20,286,1,2,2.45636603312904,90
65,248,903,889,14,7,8,0,21,22,30,1,9,15,34,41,4.05999994277954,77,23,488,1,2,2.68841982200271,99
657,253,454,443,11,100,53,1,21,19,29,47,33,11,8,0,1.82000005245209,93,11,656,3,1,2.81690383937566,53
697,253,440,428,12,100,67,1,19,19,29,58,26,12,3,1,1.63999998569489,88,19,577,3,1,2.76117581315573,42
646,253,519,491,28,93,33,0,19,19,29,43,27,19,10,1,2.00999999046326,100,5,523,3,2,2.71850168886727,57
640,253,512,477,35,84,33,1,24,19,29,27,35,21,16,2,2.30999994277954,98,10,672,3,2,2.82736927305383,73
629,253,525,522,3,92,41,1,15,19,30,45,34,14,6,1,1.85000002384186,98,2,678,3,1,2.83122969386706,55
659,253,486,480,6,90,44,1,27,19,30,47,32,12,8,2,1.85000002384186,94,15,680,3,1,2.83250891270624,53
699,253,437,409,28,90,70,1,17,19,29,64,20,8,7,0,1.5900000333786,93,15,700,3,1,2.84509804001426,36
637,253,447,409,38,100,51,0,22,20,29,61,19,15,4,2,1.66999995708466,100,7,396,3,2,2.59769518592551,39
663,253,518,499,19,86,22,0,18,19,29,15,36,27,19,2,2.5699999332428,93,13,495,3,3,2.69460519893357,85
633,253,479,466,13,100,59,1,21,19,30,59,26,9,5,1,1.62999999523163,94,10,929,3,1,2.96801571399364,41
690,253,424,343,81,100,36,0,20,17,26,46,28,16,10,0,1.9099999666214,87,20,205,3,2,2.31175386105575,54
2982,259,536,465,71,93,84,0,14,21,29,0,0,0,0,0,NA,92,8,570,3,1,2.75587485567249,100
3000,259,628,554,74,75,74,0,25,20,28,0,0,50,50,0,3.5,84,16,485,2,3,2.68574173860226,100
2997,259,627,546,81,71,71,0,15,20,33,39,24,15,20,2,2.22000002861023,96,4,410,2,2,2.61278385671974,61
3005,259,596,534,62,65,46,0,20,21,29,40,42,14,3,0,1.80999994277954,100,0,224,2,1,2.35024801833416,60
2972,259,664,617,47,72,71,0,13,19,30,19,30,26,23,2,2.57999992370605,91,13,306,2,3,2.48572142648158,81
3011,259,655,620,35,56,52,0,19,21,29,24,34,32,10,0,2.26999998092651,96,4,447,2,3,2.65030752313194,76
2977,259,616,566,50,75,65,0,23,21,31,34,31,15,19,1,2.22000002861023,93,7,432,2,2,2.63548374681491,66
3013,259,538,497,41,80,82,0,19,21,31,24,42,22,7,5,2.26999998092651,91,9,544,2,2,2.73559889969818,76
3024,259,727,670,57,60,50,0,24,21,30,21,24,17,25,12,2.82999992370605,100,0,547,2,2,2.73798732633343,79
3004,259,822,787,35,8,4,0,10,19,27,0,19,19,29,33,3.75999999046326,87,13,313,1,2,2.49554433754645,100
3010,259,638,569,69,80,71,0,11,20,31,64,30,4,2,0,1.44000005722046,93,7,705,2,1,2.8481891169914,36
2460,284,581,497,84,70,26,0,14,23,25,22,29,23,21,6,2.59999990463257,63,32,182,2,2,2.26007138798507,78
2479,284,784,739,45,23,25,0,21,21,36,5,21,20,44,10,3.3199999332428,58,25,166,1,2,2.22010808804006,95
2459,284,871,840,31,14,15,0,15,21,34,1,8,13,41,36,4.01999998092651,83,13,404,1,1,2.60638136511061,99
105,294,567,535,32,62,43,0,20,20,31,19,24,32,21,4,2.67000007629395,80,25,626,2,3,2.79657433321043,81
94,294,620,592,28,51,20,0,20,19,31,10,28,40,15,7,2.78999996185303,88,12,242,2,3,2.38381536598043,90
93,294,761,726,35,15,3,0,21,20,29,1,14,30,37,19,3.59999990463257,86,14,267,1,3,2.42651126136458,99
116,294,513,508,5,82,56,0,16,NA,31,25,36,26,10,4,2.30999994277954,46,42,558,3,3,2.74663419893758,75
3236,316,912,900,12,6,7,0,22,21,30,0,0,33,0,67,4.32999992370605,97,6,611,1,3,2.78604121024255,100
3240,316,883,821,62,7,20,0,35,19,31,0,0,0,100,0,4,100,0,440,1,1,2.64345267648619,100
3241,316,844,834,10,12,14,0,21,21,26,0,0,67,33,0,3.32999992370605,100,3,381,1,3,2.58092497567562,100
3256,316,880,841,39,11,7,0,11,21,31,0,50,50,0,0,2.5,90,3,503,1,3,2.70156798505593,100
3250,316,894,881,13,4,4,0,13,20,26,0,0,0,0,0,NA,97,0,466,1,1,2.66838591669,100
3247,316,858,818,40,4,8,0,17,20,27,0,20,0,80,0,3.59999990463257,95,5,357,1,1,2.55266821611219,100
3258,316,847,817,30,7,7,0,17,20,31,0,0,0,0,0,NA,100,0,388,1,1,2.58883172559421,100
1497,395,604,529,75,100,68,1,12,20,35,48,33,13,6,1,1.77999997138977,37,53,591,3,1,2.77158748088126,52
1478,395,553,466,87,100,70,1,11,19,35,62,25,9,3,0,1.53999996185303,73,17,637,3,1,2.80413943233535,38
1474,395,657,567,90,64,19,0,25,19,32,23,46,17,14,1,2.24000000953674,90,3,403,2,2,2.60530504614111,77
1511,395,492,500,-8,89,48,0,42,18,31,32,32,24,10,2,2.19000005722046,44,47,810,3,2,2.90848501887865,68
1539,395,700,711,-11,80,51,0,11,20,34,26,27,30,13,4,2.44000005722046,83,14,295,2,3,2.46982201597816,74
1490,395,590,552,38,89,58,1,16,19,33,29,39,22,7,2,2.13000011444092,58,29,837,3,2,2.92272545799326,71
1500,395,777,752,25,37,11,0,15,20,34,4,32,23,31,10,3.10999989509583,84,9,669,1,2,2.82542611776782,96
1515,395,667,625,42,85,52,1,18,19,34,41,36,12,8,3,1.97000002861023,80,16,621,3,1,2.79309160017658,59
1512,395,769,752,17,47,20,0,17,16,25,16,11,30,30,13,3.13000011444092,95,5,467,2,3,2.66931688056611,84
1475,395,650,631,19,78,33,0,21,19,32,19,37,26,11,8,2.51999998092651,85,15,262,2,3,2.41830129131975,81
1522,395,561,427,134,100,86,1,8,20,35,44,37,14,5,0,1.80999994277954,48,31,795,3,1,2.90036712865647,56
1472,395,561,537,24,83,28,0,21,19,34,7,39,25,26,3,2.78999996185303,45,41,750,3,3,2.8750612633917,93
1516,395,597,543,54,100,71,1,15,20,34,55,26,13,5,1,1.71000003814697,68,32,590,3,1,2.77085201164214,45
1489,395,568,507,61,84,55,1,16,20,33,33,47,14,4,2,1.96000003814697,78,15,1029,3,1,3.01241537476243,67
1493,395,637,622,15,78,30,0,28,19,29,24,25,24,22,5,2.58999991416931,59,23,891,2,2,2.94987770403687,76
1606,401,588,538,50,61,1,0,20,16,26,0,10,36,48,6,3.49000000953674,73,19,285,2,3,2.45484486000851,100
1866,401,821,793,28,48,9,0,20,18,29,5,17,15,40,23,3.57999992370605,82,18,393,2,2,2.59439255037543,95
1747,401,559,511,48,100,74,0,11,17,27,53,28,12,5,2,1.75,84,8,419,3,1,2.6222140229663,47
1905,401,693,663,30,50,4,0,11,18,27,13,42,19,21,5,2.64000010490417,81,12,353,2,2,2.54777470538782,87
1699,401,542,456,86,99,53,0,10,19,30,33,33,20,15,0,2.16000008583069,67,24,414,3,2,2.6170003411209,67
2077,401,840,816,24,33,25,0,11,20,29,0,0,0,0,0,NA,100,0,276,1,1,2.44090908206522,100
1959,401,621,605,16,82,45,0,17,18,25,42,50,8,0,0,1.66999995708466,86,11,320,3,1,2.50514997831991,58
1914,401,487,489,-2,91,48,1,22,18,27,33,32,22,8,5,2.21000003814697,72,21,717,3,2,2.8555191556678,67
1685,401,686,621,65,62,21,0,10,16,26,10,40,28,19,3,2.66000008583069,85,15,278,2,3,2.44404479591808,90
1757,401,463,438,25,88,75,1,24,19,27,48,32,10,11,1,1.85000002384186,75,20,631,3,1,2.80002935924413,52
2087,401,476,430,46,90,70,1,10,18,29,28,43,14,14,1,2.1800000667572,71,25,852,3,1,2.9304395947667,72
1946,401,821,767,54,21,4,0,12,18,29,4,25,22,35,14,3.30999994277954,76,12,405,1,2,2.60745502321467,96
1821,401,412,379,33,100,77,1,8,19,29,67,21,8,4,1,1.5,62,28,1264,3,1,3.10174707394637,33
1881,401,394,382,12,99,42,1,22,17,26,29,35,23,11,3,2.23000001907349,68,24,629,3,2,2.79865064544527,71
1862,401,815,785,30,24,18,0,15,18,30,10,9,10,32,39,3.80999994277954,100,0,300,1,1,2.47712125471966,90
1932,401,694,631,63,56,24,0,24,18,30,18,36,16,25,5,2.64000010490417,81,12,361,2,2,2.55750720190566,82
1919,401,433,425,8,100,74,1,15,19,31,49,29,9,5,8,1.96000003814697,50,36,859,3,1,2.93399316383124,51
1788,401,560,504,56,72,1,0,26,17,27,3,6,52,27,13,3.39000010490417,73,19,321,2,3,2.50650503240487,97
1664,401,572,535,37,76,44,0,12,18,25,19,26,24,22,8,2.73000001907349,90,7,380,2,2,2.57978359661681,81
1885,401,605,600,5,68,31,0,15,17,24,11,19,15,52,3,3.16000008583069,81,19,277,2,2,2.44247976906445,89
1682,401,755,716,39,27,2,0,10,16,31,1,18,34,29,19,3.48000001907349,84,8,283,1,3,2.45178643552429,99
1853,401,475,415,60,95,64,0,21,20,28,32,36,18,11,2,2.14000010490417,67,29,307,3,2,2.48713837547719,68
2082,401,520,476,44,95,53,1,27,18,29,43,30,17,7,3,1.97000002861023,48,42,1036,3,2,3.01535975540921,57
1806,401,406,367,39,100,75,1,15,19,32,0,100,0,0,0,2,59,33,699,3,1,2.84447717574568,100
1997,401,471,416,55,99,46,1,15,19,33,36,27,15,13,9,2.30999994277954,64,30,743,3,2,2.87098881376058,64
1701,401,664,594,70,52,22,0,19,16,31,4,17,28,38,13,3.39000010490417,64,20,371,2,3,2.56937390961505,96
1926,401,457,399,58,91,74,1,31,20,28,45,36,11,8,1,1.8400000333786,66,23,1059,3,1,3.02489596010749,55
1633,401,584,501,83,97,61,0,15,14,25,52,43,2,3,0,1.55999994277954,86,7,244,3,1,2.38738982633873,48
1690,401,735,693,42,71,24,0,10,18,27,7,17,17,31,29,3.57999992370605,80,7,388,2,2,2.58883172559421,93
1696,401,536,508,28,77,9,0,18,19,29,7,25,28,36,4,3.04999995231628,50,35,528,2,3,2.72263392253381,93
1775,401,771,708,63,31,11,0,16,17,28,10,26,23,26,14,3.0699999332428,81,15,328,1,2,2.51587384371168,90
1673,401,483,436,47,100,76,0,12,19,31,31,33,14,16,5,2.29999995231628,59,26,492,3,1,2.69196510276736,69
1863,401,387,338,49,96,80,1,14,19,28,67,21,7,4,1,1.5,53,32,1013,3,1,3.00560944536028,33
1990,401,650,611,39,75,64,1,9,20,28,19,24,13,38,6,2.88000011444092,80,10,848,2,1,2.92839585225671,81
1752,401,467,442,25,100,70,0,16,19,28,52,32,9,6,1,1.73000001907349,77,17,621,3,1,2.79309160017658,48
1782,401,548,512,36,70,59,0,14,16,34,13,31,17,30,9,2.90000009536743,83,17,336,2,2,2.52633927738984,87
1995,401,756,717,39,17,4,0,14,19,31,5,48,10,32,6,2.84999990463257,90,10,455,1,1,2.65801139665711,95
1638,401,440,403,37,97,54,0,20,18,30,26,27,12,32,1,2.54999995231628,45,39,1149,3,1,3.06032002868829,74
1815,401,581,548,33,100,63,0,23,19,24,43,35,12,8,2,1.91999995708466,80,12,290,3,1,2.46239799789896,57
1709,401,515,487,28,96,66,0,18,19,27,9,21,18,29,24,3.38000011444092,61,21,726,3,2,2.86093662070009,91
1812,401,917,902,15,6,3,0,8,17,31,1,2,7,37,54,4.40999984741211,95,0,436,1,1,2.63948648926859,99
1742,401,657,615,42,63,23,0,22,16,30,19,19,29,29,3,2.76999998092651,63,27,403,2,3,2.60530504614111,81
1799,401,723,673,50,41,11,1,15,18,31,11,34,19,30,7,2.86999988555908,85,9,807,1,2,2.90687353472207,89
1907,401,506,482,24,79,7,0,24,17,27,46,25,16,12,1,1.96000003814697,56,38,637,2,2,2.80413943233535,54
1924,401,569,514,55,76,28,0,13,16,24,14,40,22,22,3,2.59999990463257,73,27,306,2,2,2.48572142648158,86
1781,401,466,442,24,94,13,0,16,18,29,8,31,33,25,3,2.83999991416931,73,29,715,3,3,2.85430604180108,92
1897,401,660,624,36,55,31,0,14,18,29,12,20,19,31,18,3.22000002861023,80,15,559,2,2,2.74741180788642,88
1596,401,536,456,80,95,70,1,13,20,29,28,43,19,7,2,2.11999988555908,61,24,514,3,2,2.71096311899528,72
1868,401,486,422,64,96,75,1,16,19,30,79,17,3,2,0,1.27999997138977,47,53,617,3,1,2.79028516403324,21
1909,401,453,423,30,98,53,0,13,18,29,19,36,17,25,4,2.5699999332428,61,30,570,3,2,2.75587485567249,81
1600,401,683,631,52,63,5,0,21,17,28,3,20,22,48,7,3.36999988555908,64,30,428,2,2,2.63144376901317,97
1894,401,459,426,33,99,69,1,8,19,24,46,29,13,7,4,1.94000005722046,77,25,833,3,1,2.92064500140679,54
1895,401,456,415,41,95,65,1,20,18,29,98,1,1,1,0,1.05999994277954,58,28,821,3,1,2.91434315711944,2
1889,401,612,555,57,83,20,0,19,19,27,2,48,25,15,11,2.84999990463257,81,6,259,3,3,2.41329976408125,98
1741,401,387,365,22,99,75,1,21,18,28,23,41,13,16,7,2.4300000667572,66,28,761,3,1,2.88138465677057,77
1769,401,420,407,13,98,91,1,31,19,30,49,35,10,6,1,1.75,67,23,1529,3,1,3.18440748541232,51
1941,401,495,451,44,96,41,1,21,18,29,0,100,0,0,0,2,57,30,1127,3,1,3.05192391604611,100
1744,401,552,491,61,97,86,1,10,19,28,32,30,21,16,2,2.25999999046326,69,27,1009,3,2,3.00389116623691,68
1680,401,744,737,7,31,2,0,22,16,29,1,6,21,55,16,3.77999997138977,81,11,326,1,2,2.51321760006794,99
1858,401,477,424,53,98,56,0,22,19,28,10,48,10,33,0,2.67000007629395,42,39,446,3,1,2.64933485871214,90
2074,401,474,427,47,89,64,0,28,19,27,44,30,18,5,4,1.94000005722046,75,17,450,3,2,2.65321251377534,56
1949,401,696,636,60,66,22,0,17,16,29,11,44,25,19,2,2.5699999332428,96,11,373,2,3,2.57170883180869,89
1903,401,592,489,103,100,67,0,8,18,27,42,21,19,16,3,2.1800000667572,80,10,443,3,2,2.64640372622307,58
1651,401,650,599,51,73,40,0,7,19,29,7,25,16,43,10,3.24000000953674,56,33,722,2,2,2.85853719756964,93
1723,401,369,354,15,99,83,1,16,19,31,74,18,7,1,0,1.3400000333786,60,33,1009,3,1,3.00389116623691,26
1783,401,437,377,60,99,90,1,9,19,28,71,19,5,4,1,1.44000005722046,65,31,943,3,1,2.97451169273733,29
1634,401,551,505,46,76,59,0,16,16,28,0,50,25,25,0,2.75,67,24,167,2,3,2.22271647114758,100
2088,401,429,419,10,92,78,1,15,19,26,61,23,10,4,3,1.6599999666214,62,26,768,3,1,2.88536122003151,39
1925,401,435,425,10,98,72,1,14,18,27,41,28,17,13,2,2.05999994277954,73,21,965,3,2,2.98452731334379,59
1851,401,747,735,12,47,14,0,19,18,24,7,29,28,25,10,3.01999998092651,95,5,239,2,3,2.37839790094814,93
1616,401,512,480,32,88,27,0,13,16,22,10,24,35,30,2,2.90000009536743,85,19,297,3,3,2.47275644931721,90
2092,401,474,423,51,98,65,1,14,18,28,32,32,23,6,6,2.22000002861023,52,33,587,3,2,2.76863810124761,68
1652,401,850,832,18,12,5,0,5,18,31,3,5,13,38,41,4.07999992370605,94,6,235,1,1,2.37106786227174,97
1820,401,551,504,47,83,37,1,17,19,28,29,37,15,17,3,2.27999997138977,76,17,651,3,2,2.81358098856819,71
1791,401,482,441,41,100,67,1,35,18,29,42,32,17,9,0,1.92999994754791,75,21,787,3,2,2.89597473235906,58
1677,401,534,482,52,100,49,0,22,19,25,43,41,12,3,1,1.76999998092651,67,21,259,3,1,2.41329976408125,57
1836,401,506,462,44,87,22,0,22,18,23,22,47,25,5,1,2.13000011444092,72,17,213,3,3,2.32837960343874,78
1743,401,556,508,48,86,56,0,18,18,27,46,31,2,16,4,2.01999998092651,81,14,372,3,1,2.5705429398819,54
1801,401,457,395,62,100,59,1,21,19,27,18,52,14,16,0,2.28999996185303,79,21,333,3,1,2.52244423350632,82
1678,401,497,440,57,95,66,1,18,19,30,45,36,11,8,0,1.82000005245209,67,33,1112,3,1,3.04610478724604,55
1731,401,719,684,35,79,48,0,15,19,32,7,19,28,34,13,3.25999999046326,69,23,367,2,3,2.56466606425209,93
1961,401,582,538,44,89,67,1,26,19,27,26,17,16,28,13,2.83999991416931,68,32,401,3,2,2.60314437262018,74
1900,401,486,453,33,96,84,1,19,19,26,48,27,13,11,1,1.88999998569489,69,27,739,3,1,2.86864443839483,52
1740,401,521,452,69,99,64,0,12,18,29,49,25,17,7,1,1.87000000476837,79,15,484,3,2,2.68484536164441,51
1977,401,386,358,28,96,65,1,23,19,25,40,60,0,0,0,1.60000002384186,46,42,364,3,1,2.56110138364906,60
1952,401,397,333,64,98,84,1,8,19,27,33,0,0,67,0,3,54,40,1004,3,1,3.001733712809,67
1625,401,631,604,27,65,18,0,23,18,27,13,24,31,25,6,2.85999989509583,82,15,464,2,3,2.66651798055488,87
1994,401,428,396,32,97,43,1,24,19,30,37,30,14,18,1,2.16000008583069,59,39,922,3,1,2.96473092105363,63
1978,401,894,860,34,13,1,0,22,19,26,1,21,19,43,15,3.5,93,5,615,1,2,2.78887511577542,99
1805,401,421,399,22,99,86,1,9,18,29,67,0,0,0,33,2.32999992370605,83,12,1081,3,1,3.03382569395331,33
1704,401,524,511,13,97,53,1,9,17,26,39,29,16,13,2,2.08999991416931,61,33,338,3,2,2.52891670027765,61
1597,401,532,506,26,100,74,1,7,19,29,42,26,15,15,3,2.13000011444092,75,20,1007,3,2,3.00302947055362,58
1872,401,674,634,40,72,44,0,7,17,21,58,34,5,2,1,1.52999997138977,57,36,151,2,1,2.17897694729317,42
1729,401,589,511,78,82,43,0,20,18,25,43,30,15,10,2,1.97000002861023,73,18,245,3,2,2.38916608436453,57
1612,401,437,363,74,97,71,1,25,19,29,89,11,0,0,0,1.11000001430511,51,37,704,3,1,2.84757265914211,11
1621,401,717,667,50,72,29,0,20,18,29,33,36,12,17,2,2.20000004768372,90,10,236,2,1,2.37291200297011,67
1763,401,586,539,47,80,50,0,19,19,27,39,41,12,8,1,1.89999997615814,79,24,499,2,1,2.69810054562339,61
1854,401,470,444,26,98,45,0,17,19,29,28,56,12,3,1,1.94000005722046,50,31,703,3,1,2.84695532501982,72
1611,401,474,415,59,100,73,1,12,19,31,41,35,15,7,1,1.91999995708466,65,26,738,3,2,2.86805636182304,59
1778,401,699,660,39,67,35,0,21,19,27,6,12,20,46,16,3.53999996185303,70,17,665,2,2,2.8228216453031,94
1615,401,657,625,32,75,6,0,26,18,26,4,23,25,36,12,3.28999996185303,81,22,508,2,3,2.70586371228392,96
1795,401,759,725,34,33,18,0,19,14,29,2,39,18,34,7,3.04999995231628,94,13,355,1,2,2.55022835305509,98
2080,401,493,484,9,82,67,1,20,19,28,37,33,14,13,2,2.08999991416931,65,29,1570,3,1,3.19589965240923,63
1671,401,853,812,41,37,16,0,15,18,34,2,6,11,29,53,4.25,92,8,311,1,1,2.49276038902684,98
416,473,866,836,30,1,1,0,11,22,33,0,2,18,51,30,4.07000017166138,100,3,517,1,2,2.7134905430939402,100
425,473,657,593,64,45,11,0,16,21,31,10,24,40,19,7,2.90000009536743,100,3,510,1,3,2.70757017609794,90
419,473,850,808,42,12,5,0,13,21,33,5,7,27,40,22,3.6800000667572,100,3,422,1,3,2.62531245096167,95
402,473,893,845,48,7,4,0,16,20,30,0,3,14,39,43,4.21999979019165,93,4,382,1,1,2.58206336291171,100
430,473,745,663,82,17,3,0,17,20,33,4,26,42,23,5,3,89,11,240,1,3,2.38021124171161,96
406,473,719,670,49,31,6,0,17,21,30,6,25,34,26,8,3.04999995231628,100,0,384,1,3,2.58433122436753,94
412,473,783,725,58,46,5,0,21,20,29,7,35,38,15,5,2.76999998092651,100,4,333,1,3,2.52244423350632,93
413,473,615,523,92,75,36,0,17,22,29,0,0,0,0,0,NA,91,15,419,2,1,2.6222140229663,100
3070,491,479,443,36,91,82,0,14,20,28,55,21,16,6,2,1.78999996185303,94,6,396,3,2,2.59769518592551,45
3072,491,763,769,-6,15,19,0,18,19,NA,7,18,36,27,11,3.17000007629395,100,0,187,1,3,2.2718416065365,93
3060,491,669,670,-1,48,40,0,19,18,28,20,17,33,20,10,2.82999992370605,91,13,235,2,3,2.37106786227174,80
3051,491,892,882,10,3,1,0,20,19,30,0,4,10,38,48,4.28999996185303,100,0,523,1,1,2.71850168886727,100
3055,491,590,587,3,66,52,0,10,19,NA,30,23,26,15,6,2.46000003814697,87,13,198,2,3,2.29666519026153,70
194,507,514,527,-13,76,48,0,16,19,30,31,44,16,8,1,2.02999997138977,76,2,602,2,2,2.77959649125782,69
211,507,386,360,26,75,48,1,14,20,29,34,42,21,4,0,1.94000005722046,57,22,413,2,2,2.6159500516564,66
182,507,411,413,-2,81,45,0,22,19,28,12,57,22,8,1,2.29999995231628,64,29,494,3,2,2.69372694892365,88
167,507,774,757,17,69,51,0,7,19,26,19,30,24,20,8,2.67000007629395,95,0,255,2,2,2.40654018043396,81
203,507,844,827,17,11,2,0,6,19,29,4,25,24,31,16,3.28999996185303,100,0,179,1,2,2.25285303097989,96
187,507,498,480,18,77,30,0,19,20,30,31,32,31,5,1,2.13000011444092,78,11,322,2,3,2.50785587169583,69
201,507,624,558,66,59,16,0,13,18,29,20,31,31,12,5,2.5,100,0,191,2,3,2.28103336724773,80
210,507,432,430,2,90,29,0,17,19,29,11,32,19,35,4,2.88000011444092,58,25,595,3,2,2.7745169657285502,89
184,507,435,445,-10,87,70,1,4,19,30,51,24,17,5,3,1.85000002384186,69,15,643,3,2,2.80821097292422,49
165,507,449,434,15,71,21,0,19,20,31,30,55,9,6,0,1.91999995708466,45,31,367,2,1,2.56466606425209,70
181,507,724,714,10,15,3,0,18,21,29,2,15,32,34,18,3.50999999046326,93,7,196,1,3,2.29225607135648,98
198,507,894,859,35,9,2,0,7,20,30,0,13,17,34,36,3.92000007629395,95,5,213,1,2,2.32837960343874,100
2240,541,599,541,58,76,12,0,20,19,24,0,0,0,0,0,NA,61,44,198,2,1,2.29666519026153,100
2247,541,508,486,22,77,43,0,16,20,28,0,0,0,0,0,NA,44,48,333,2,1,2.52244423350632,100
2267,570,897,888,9,11,1,0,13,22,31,1,28,23,39,8,3.25,75,25,547,1,2,2.73798732633343,99
2278,570,457,404,53,93,62,1,16,21,30,47,32,16,3,1,1.78999996185303,53,44,684,3,2,2.83505610172012,53
2282,570,582,553,29,64,25,0,20,21,31,19,30,28,17,6,2.60999989509583,86,14,312,2,3,2.49415459401844,81
4448,575,903,884,19,2,12,0,7,20,28,1,2,10,40,47,4.32000017166138,100,0,696,1,1,2.84260923961056,99
4435,575,863,839,24,5,10,0,12,18,33,0,4,16,40,40,4.15999984741211,100,7,393,1,2,2.59439255037543,100
4449,575,844,848,-4,3,13,0,15,19,28,0,3,21,41,34,4.05000019073486,100,0,462,1,2,2.66464197555613,100
4431,575,858,826,32,6,5,0,21,20,29,0,6,24,38,31,3.94000005722046,100,2,672,1,2,2.82736927305383,100
4427,575,802,784,18,21,11,0,11,18,32,8,9,35,29,20,3.4300000667572,100,0,541,1,3,2.73319726510657,92
4443,575,875,848,27,4,9,0,9,19,29,0,2,16,43,38,4.17000007629395,100,0,606,1,2,2.78247262416629,100
3698,600,720,643,77,55,9,0,19,18,26,10,68,18,5,0,2.17000007629395,100,4,332,2,2,2.52113808370404,90
3696,600,483,450,33,89,43,0,38,19,27,46,44,8,3,0,1.69000005722046,100,0,334,3,1,2.52374646681156,54
3715,600,696,636,60,50,11,0,23,19,30,6,64,23,6,0,2.3199999332428,100,0,495,2,2,2.69460519893357,94
3697,600,690,653,37,65,5,0,26,21,25,2,90,7,1,0,2.0699999332428,100,0,319,2,1,2.50379068305718,98
3700,600,717,665,52,77,11,0,29,19,27,28,42,24,6,0,2.07999992370605,100,0,351,2,2,2.54530711646582,72
3701,600,687,617,70,62,18,0,19,21,26,5,65,25,4,1,2.29999995231628,100,0,318,2,3,2.50242711998443,95
3518,605,623,564,59,60,23,0,16,19,27,25,31,28,14,3,2.40000009536743,94,16,384,2,3,2.58433122436753,75
3511,605,688,662,26,40,10,0,23,20,28,15,18,38,17,13,2.96000003814697,92,11,554,1,3,2.74350976472843,85
3520,605,643,575,68,63,29,1,19,19,27,24,20,28,10,17,2.75999999046326,87,23,573,2,3,2.75815462196739,76
3516,605,574,519,55,65,21,0,24,20,29,24,26,36,10,4,2.44000005722046,84,16,243,2,3,2.38560627359831,76
3525,605,632,568,64,51,18,1,19,19,31,21,27,33,12,7,2.5699999332428,91,15,555,2,3,2.74429298312268,79
3537,605,694,678,16,12,4,1,15,19,29,3,12,41,27,17,3.41000008583069,89,16,617,1,3,2.79028516403324,97
3519,605,532,525,7,62,36,0,19,19,34,39,29,22,6,3,2.05999994277954,87,23,541,2,2,2.73319726510657,61
3523,605,657,618,39,48,14,0,23,20,32,14,33,42,7,4,2.53999996185303,89,17,515,2,3,2.71180722904119,86
3535,605,705,673,32,20,6,0,15,19,30,7,19,38,18,19,3.24000000953674,96,11,490,1,3,2.69019608002851,93
3765,620,758,701,57,45,10,0,21,22,34,0,46,25,23,5,2.86999988555908,94,12,207,1,3,2.31597034545692,100
3736,620,556,542,14,61,46,0,39,22,25,22,26,30,20,3,2.5699999332428,96,15,657,2,3,2.81756536955978,78
3785,620,459,439,20,98,52,0,36,19,27,31,29,22,17,1,2.27999997138977,100,17,645,3,2,2.80955971463527,69
3741,620,573,516,57,100,51,0,31,20,32,37,31,15,16,2,2.14000010490417,100,6,434,3,2,2.63748972951251,63
3757,620,707,667,40,57,11,0,22,21,31,4,15,46,23,12,3.23000001907349,100,11,309,2,3,2.48995847942483,96
3751,620,592,533,59,100,22,0,35,20,30,0,85,11,2,2,2.22000002861023,100,13,222,3,1,2.34635297445064,100
3791,620,724,674,50,49,20,0,24,19,35,0,22,33,36,9,3.32999992370605,100,11,401,2,3,2.60314437262018,100
3772,620,829,824,5,22,7,0,14,19,33,10,26,21,30,13,3.08999991416931,100,0,329,1,2,2.51719589794997,90
3758,620,690,642,48,98,51,0,10,20,28,28,25,28,15,4,2.40000009536743,100,5,230,3,3,2.36172783601759,72
3794,620,610,540,70,100,47,0,31,20,23,75,15,0,0,10,1.54999995231628,100,18,170,3,1,2.23044892137827,25
3793,620,528,460,68,99,35,0,27,18,33,19,41,30,8,3,2.35999989509583,96,4,358,3,3,2.55388302664387,81
3759,620,585,556,29,54,11,0,27,25,37,8,31,22,29,10,3.01999998092651,100,8,133,2,2,2.12385164096709,92
3784,620,859,801,58,18,1,0,9,21,33,0,7,17,35,42,4.11999988555908,100,0,406,1,2,2.60852603357719,100
3754,620,732,672,60,63,8,0,37,19,30,16,36,24,22,2,2.58999991416931,100,9,292,2,2,2.46538285144842,84
3196,621,799,762,37,21,8,0,12,19,32,15,43,21,16,5,2.53999996185303,98,3,560,1,2,2.7481880270062,85
3203,621,845,799,46,14,4,0,12,19,30,6,25,27,35,9,3.16000008583069,97,6,410,1,3,2.61278385671974,94
3200,621,854,854,0,6,1,0,13,19,32,4,31,25,36,4,3.03999996185303,97,0,586,1,3,2.76789761601809,96
3184,621,790,758,32,26,15,0,17,19,32,16,27,23,29,6,2.8199999332428,95,7,539,1,2,2.73158876518674,84
3202,621,839,810,29,12,3,0,17,17,30,8,20,24,39,9,3.23000001907349,100,8,203,1,2,2.30749603791321,92
3187,621,689,682,7,51,36,0,13,19,32,31,25,16,23,5,2.47000002861023,90,10,519,2,2,2.71516735784846,69
3193,621,841,840,1,6,5,0,17,19,31,3,23,24,35,16,3.39000010490417,97,3,510,1,2,2.70757017609794,97
4132,627,493,471,22,94,41,1,33,20,32,53,27,15,4,1,1.71000003814697,73,29,590,3,2,2.77085201164214,47
4128,627,643,622,21,82,24,1,19,20,27,30,35,22,9,4,2.23000001907349,85,18,522,3,2,2.71767050300226,70
4131,627,698,686,12,62,29,1,15,20,32,19,33,22,19,7,2.61999988555908,98,0,583,2,2,2.76566855475901,81
4173,627,486,476,10,95,40,1,24,20,34,55,31,12,2,0,1.61000001430511,87,15,645,3,1,2.80955971463527,45
4167,627,612,551,61,75,26,0,16,20,32,28,24,34,11,3,2.38000011444092,100,5,277,2,3,2.44247976906445,72
4140,627,630,550,80,67,21,1,21,20,32,25,28,30,12,4,2.42000007629395,85,13,607,2,3,2.78318869107526,75
4145,627,525,519,6,78,18,1,25,20,31,23,32,30,10,4,2.40000009536743,86,14,439,2,3,2.64246452024212,77
4143,627,485,448,37,94,40,1,37,19,32,60,23,14,3,1,1.61000001430511,76,18,583,3,1,2.76566855475901,40
4136,627,474,437,37,92,34,1,28,20,31,48,31,17,3,0,1.76999998092651,81,19,470,3,2,2.67209785793572,52
4488,630,521,568,-47,97,77,0,14,19,NA,61,18,15,4,1,1.67999994754791,79,4,210,3,2,2.32221929473392,39
4576,630,801,762,39,32,18,0,14,20,30,7,22,29,33,9,3.15000009536743,98,0,548,1,3,2.73878055848437,93
4506,630,709,619,90,59,17,0,20,16,33,10,25,36,20,9,2.94000005722046,100,0,135,2,3,2.13033376849501,90
4554,630,836,785,51,29,27,0,17,19,32,19,13,8,26,33,3.41000008583069,100,0,231,1,1,2.36361197989214,81
4518,630,769,723,46,47,6,0,13,19,25,7,18,36,20,19,3.25,96,4,295,2,3,2.46982201597816,93
4486,630,706,701,5,62,15,0,13,21,28,12,27,27,29,6,2.90000009536743,100,2,645,2,3,2.80955971463527,88
4537,630,655,614,41,78,27,0,16,19,32,21,26,32,16,7,2.61999988555908,100,0,438,2,3,2.6414741105041,79
4585,630,845,843,2,31,24,0,25,19,31,3,5,11,27,54,4.23999977111816,100,0,469,1,1,2.67117284271508,97
4573,630,789,747,42,41,27,0,16,20,30,12,26,25,32,5,2.92000007629395,100,2,575,1,3,2.75966784468963,88
4534,630,445,421,24,100,70,0,NA,NA,29,44,25,15,13,3,2.0699999332428,90,0,512,3,2,2.70926996097583,56
4581,630,708,691,17,74,2,0,24,19,30,1,55,31,10,4,2.60999989509583,98,2,603,2,3,2.78031731214015,99
4507,630,751,679,72,71,19,0,20,17,20,10,16,41,16,18,3.16000008583069,100,0,130,2,3,2.11394335230684,90
4522,630,461,441,20,100,74,0,22,19,31,55,31,10,3,1,1.64999997615814,85,3,726,3,1,2.86093662070009,45
4530,630,757,723,34,58,14,0,16,18,30,6,17,36,30,10,3.21000003814697,98,4,525,2,3,2.72015930340596,94
4583,630,865,837,28,40,8,0,17,19,30,4,17,27,29,23,3.50999999046326,100,0,344,1,3,2.53655844257153,96
4485,630,567,524,43,81,45,0,26,18,25,45,31,18,5,1,1.87999999523163,97,3,400,3,2,2.60205999132796,55
4558,630,748,684,64,62,21,0,11,18,29,11,20,39,21,9,2.98000001907349,95,5,253,2,3,2.40312052117582,89
4480,630,612,528,84,79,34,0,15,20,31,26,31,25,14,4,2.38000011444092,82,7,354,2,3,2.54900326202579,74
4533,630,500,463,37,95,69,0,24,19,26,45,29,12,8,5,1.99000000953674,97,0,350,3,1,2.54406804435028,55
4574,630,740,672,68,54,18,0,14,20,33,10,21,33,28,9,3.04999995231628,100,0,612,2,3,2.78675142214556,90
4580,630,740,712,28,66,2,0,19,19,29,2,27,44,23,4,3,100,0,543,2,3,2.73479982958885,98
4596,630,883,864,19,4,3,0,9,20,30,1,10,9,52,28,3.98000001907349,97,3,556,1,1,2.74507479158206,99
4514,630,799,789,10,38,10,0,14,19,30,5,18,29,26,21,3.40000009536743,100,0,378,1,3,2.57749179983723,95
4519,630,887,852,35,19,8,0,10,19,27,3,14,19,33,31,3.74000000953674,100,0,256,1,2,2.40823996531185,97
4502,630,493,489,4,91,71,0,27,19,30,70,19,8,3,1,1.46000003814697,87,7,410,3,1,2.61278385671974,30
4516,630,586,529,57,93,59,0,21,20,32,53,35,8,4,0,1.64999997615814,90,3,763,3,1,2.88252453795488,47
4511,630,626,626,0,79,36,0,11,19,33,24,29,28,14,6,2.49000000953674,92,8,159,2,3,2.20139712432045,76
4487,630,528,476,52,91,68,1,10,18,27,47,28,14,8,4,1.94000005722046,81,4,459,3,1,2.66181268553726,53
4528,630,741,700,41,44,18,0,17,20,33,5,21,41,22,11,3.13000011444092,100,2,353,1,3,2.54777470538782,95
4539,630,620,621,-1,71,23,0,14,20,31,12,33,24,22,9,2.83999991416931,41,59,216,2,2,2.33445375115093,88
4547,630,803,751,52,48,18,0,17,18,29,9,22,36,24,8,3,100,0,266,2,3,2.42488163663107,91
4731,632,655,635,20,56,28,0,13,18,32,9,26,34,20,12,3.01999998092651,82,14,267,2,3,2.42651126136458,91
4720,632,597,576,21,71,37,0,8,17,30,19,53,17,11,1,2.21000003814697,81,0,197,2,2,2.29446622616159,81
4783,632,789,730,59,20,11,0,4,19,25,2,7,17,37,37,3.99000000953674,76,10,237,1,2,2.3747483460101,98
4737,632,808,812,-4,61,26,0,7,21,32,8,33,23,32,4,2.9300000667572,81,11,329,2,2,2.51719589794997,92
4736,632,532,450,82,83,39,0,10,18,28,22,39,24,15,0,2.32999992370605,69,21,335,3,2,2.52504480703685,78
4714,632,503,504,-1,68,29,0,10,18,21,31,38,17,13,1,2.14000010490417,83,13,206,2,2,2.31386722036915,69
4781,632,655,638,17,53,12,0,7,20,23,9,74,11,4,1,2.14000010490417,94,0,187,2,1,2.2718416065365,91
4698,632,781,750,31,28,26,0,9,20,29,7,14,17,38,24,3.59999990463257,95,5,280,1,2,2.44715803134222,93
4775,632,808,806,2,14,5,0,3,19,29,1,7,12,35,45,4.15000009536743,87,10,448,1,1,2.65127801399814,99
4747,632,643,661,-18,72,13,0,12,19,27,9,36,35,16,4,2.6800000667572,94,6,229,2,3,2.35983548233989,91
4744,632,700,666,34,78,44,0,5,20,25,31,38,15,13,3,2.17000007629395,78,6,215,2,2,2.33243845991561,69
4729,632,558,496,62,82,41,0,8,19,20,47,37,7,6,3,1.79999995231628,90,0,189,3,1,2.27646180417324,53
4780,632,795,781,14,15,6,0,5,19,30,0,6,14,43,36,4.07999992370605,77,17,404,1,1,2.60638136511061,100
4774,632,682,641,41,35,22,0,2,19,27,4,9,14,45,28,3.83999991416931,80,0,222,1,1,2.34635297445064,96
4777,632,682,675,7,75,6,0,10,19,25,0,36,29,29,7,3.0699999332428,63,26,240,2,3,2.38021124171161,100
5387,635,892,861,31,2,3,0,13,19,31,0,3,10,46,40,4.23000001907349,78,5,602,1,1,2.77959649125782,100
5386,635,876,796,80,9,3,0,14,19,33,2,5,13,54,27,3.99000000953674,96,0,387,1,1,2.58771096501891,98
5370,635,790,753,37,17,10,0,17,18,28,5,17,28,38,11,3.32999992370605,96,4,350,1,3,2.54406804435028,95
5366,635,558,508,50,57,47,0,22,17,30,41,30,18,9,2,2.01999998092651,100,0,327,2,2,2.51454775266029,59
5358,635,575,578,-3,56,50,0,19,18,30,32,24,24,14,5,2.36999988555908,92,0,257,2,2,2.40993312333129,68
5388,635,686,658,28,28,23,0,13,18,31,6,15,33,27,18,3.35999989509583,95,5,281,1,3,2.44870631990508,94
5371,635,710,684,26,37,23,0,18,20,27,16,18,28,17,21,3.08999991416931,71,8,344,1,3,2.53655844257153,84
5362,635,487,454,33,62,47,0,21,18,27,28,44,14,13,1,2.14000010490417,86,9,310,2,1,2.49136169383427,72
3867,636,762,739,23,23,1,0,8,20,42,1,17,38,36,8,3.3199999332428,100,0,337,1,3,2.52762990087134,99
3848,636,801,794,7,27,1,0,19,20,45,1,24,33,30,11,3.25999999046326,95,5,317,1,3,2.50105926221775,99
3834,636,640,622,18,69,42,0,22,19,43,8,30,34,24,4,2.86999988555908,95,5,297,2,3,2.47275644931721,92
3833,636,601,499,102,100,24,0,31,20,33,30,31,25,13,1,2.25999999046326,85,10,269,3,3,2.42975228000241,70
3828,636,624,596,28,78,12,0,36,20,44,16,28,39,12,4,2.59999990463257,86,10,290,2,3,2.46239799789896,84
3839,636,863,848,15,14,1,0,18,20,46,0,9,24,39,28,3.84999990463257,100,0,355,1,2,2.55022835305509,100
3843,636,709,690,19,52,3,0,24,20,31,7,34,37,18,4,2.76999998092651,100,0,339,2,3,2.53019969820308,93
3854,636,883,851,32,20,1,0,24,21,40,1,14,28,35,22,3.64000010490417,96,4,394,1,3,2.59549622182557,99
3845,636,763,748,15,40,2,0,24,17,41,11,24,33,22,11,2.98000001907349,80,15,300,1,3,2.47712125471966,89
3850,636,727,655,72,40,1,0,29,18,39,10,35,25,23,8,2.84999990463257,100,0,146,1,3,2.16435285578444,90
3864,636,568,527,41,78,30,0,36,20,49,17,38,35,9,2,2.40000009536743,75,10,321,2,3,2.50650503240487,83
3853,636,743,726,17,48,2,0,27,20,42,6,28,38,21,7,2.95000004768372,92,8,367,2,3,2.56466606425209,94
3869,636,724,686,38,48,25,0,19,20,42,10,26,33,27,4,2.90000009536743,90,7,457,2,3,2.65991620006985,90
3826,636,831,842,-11,11,2,0,9,20,46,1,6,27,48,18,3.75,88,8,318,1,3,2.50242711998443,99
3824,636,876,850,26,23,1,0,21,23,34,3,11,28,29,30,3.71000003814697,95,0,399,1,3,2.60097289568675,97
3835,636,556,537,19,100,28,0,32,20,50,33,26,25,13,3,2.26999998092651,79,15,410,3,3,2.61278385671974,67
3865,636,847,837,10,9,0,0,8,20,35,1,15,25,38,21,3.61999988555908,95,5,312,1,3,2.49415459401844,99
3822,636,622,588,34,76,6,0,38,20,35,7,59,29,6,0,2.33999991416931,95,5,222,2,3,2.34635297445064,93
3129,653,531,502,29,82,74,1,13,22,28,43,37,16,3,1,1.79999995231628,83,17,602,3,2,2.77959649125782,57
3128,653,521,502,19,90,74,1,12,21,28,54,28,14,3,1,1.70000004768372,75,24,779,3,1,2.89153745767256,46
3127,653,473,437,36,95,86,1,15,21,30,83,8,8,0,0,1.25,71,29,590,3,1,2.77085201164214,17
3121,653,529,502,27,88,75,1,13,19,29,46,33,15,4,3,1.86000001430511,83,17,611,3,2,2.78604121024255,54
3145,653,806,815,-9,32,14,0,20,21,30,10,24,43,14,9,2.88000011444092,91,9,695,1,3,2.84198480459011,90
3133,653,744,677,67,58,35,0,13,20,31,22,26,32,10,10,2.59999990463257,88,12,688,2,3,2.83758843823551,78
3151,653,444,413,31,91,88,1,14,21,27,58,30,10,1,0,1.55999994277954,70,30,593,3,1,2.77305469336426,42
6068,689,714,672,42,45,21,0,13,18,28,50,50,0,0,0,1.5,96,0,368,1,1,2.56584781867352,50
6072,689,865,843,22,5,0,0,4,20,30,0,0,0,0,0,NA,100,0,451,1,1,2.65417654187796,100
6057,689,641,616,25,45,17,0,13,20,32,50,0,0,50,0,2.5,100,0,657,1,1,2.81756536955978,50
6065,689,772,745,27,11,2,0,16,18,28,0,0,0,0,0,NA,96,0,374,1,1,2.57287160220048,100
6062,689,750,730,20,21,4,0,15,19,31,0,0,0,0,0,NA,100,0,397,1,1,2.59879050676312,100
6060,689,738,708,30,18,2,0,13,19,30,0,0,0,100,0,4,97,3,392,1,1,2.59328606702046,100
4879,716,529,482,47,83,28,0,16,18,23,31,23,29,14,4,2.36999988555908,80,13,352,3,3,2.54654266347813,69
4871,716,554,513,41,84,24,0,23,19,26,75,9,10,5,1,1.47000002861023,83,12,535,3,1,2.72835378202123,25
4875,716,504,451,53,90,46,1,19,20,26,33,17,20,20,10,2.5699999332428,83,17,657,3,2,2.81756536955978,67
4859,716,592,556,36,80,33,0,22,18,27,22,31,29,16,2,2.45000004768372,92,8,532,2,3,2.72591163229505,78
4877,716,627,582,45,86,35,1,16,20,25,41,26,22,8,2,2.02999997138977,80,9,612,3,2,2.78675142214556,59
4880,716,625,578,47,59,8,1,19,19,28,18,44,25,13,1,2.35999989509583,93,5,559,2,3,2.74741180788642,82
4881,716,436,415,21,100,49,0,19,19,24,40,20,13,28,0,2.27999997138977,80,17,363,3,1,2.55990662503611,60
4876,716,487,443,44,86,26,0,26,18,21,50,0,0,50,0,2.5,80,8,300,3,1,2.47712125471966,50
4868,716,610,520,90,84,34,0,27,20,27,27,39,15,18,1,2.26999998092651,82,12,331,3,2,2.51982799377572,73
4862,716,516,433,83,100,35,1,33,18,25,32,26,25,13,4,2.30999994277954,72,21,704,3,3,2.84757265914211,68
4878,716,465,440,25,90,27,0,21,21,26,13,25,40,17,4,2.73000001907349,74,15,466,3,3,2.66838591669,87
5920,779,654,581,73,48,15,0,16,18,31,21,35,21,19,4,2.5,100,0,364,2,2,2.56110138364906,79
5917,779,735,672,63,42,4,0,16,19,29,8,42,24,20,7,2.75,100,0,360,1,2,2.55630250076729,92
5927,779,576,518,58,68,26,1,21,19,29,36,37,16,9,2,2.02999997138977,96,4,657,2,2,2.81756536955978,64
5926,779,469,483,-14,91,54,0,17,18,28,52,36,6,6,0,1.6599999666214,100,3,391,3,1,2.59217675739587,48
5933,779,515,468,47,91,28,0,32,17,26,40,45,11,4,0,1.78999996185303,88,12,218,3,1,2.3384564936046,60
469,796,543,527,16,82,25,0,23,20,27,27,46,16,9,1,2.11999988555908,80,6,400,3,2,2.60205999132796,73
468,796,783,758,25,31,6,0,15,19,27,7,38,22,23,10,2.89000010490417,96,8,317,1,2,2.50105926221775,93
482,796,745,736,9,27,12,0,11,18,28,5,29,23,37,7,3.11999988555908,95,5,266,1,2,2.42488163663107,95
489,796,720,678,42,34,8,0,20,19,24,8,34,26,26,6,2.88000011444092,85,7,461,1,3,2.66370092538965,92
504,796,802,787,15,26,10,0,21,19,33,3,27,21,37,12,3.28999996185303,91,5,360,1,2,2.55630250076729,97
488,796,539,424,115,98,12,0,18,20,24,10,75,13,1,0,2.05999994277954,93,7,301,3,1,2.47856649559384,90
479,796,512,447,65,98,34,0,31,19,32,31,48,11,9,1,2.00999999046326,83,6,269,3,1,2.42975228000241,69
