UID,ENG COMP Placement,Course Preference,Post-AWPE Survey,H/L/A,Unweighted GPA
306129038,1,1,27,A,3.78
806247317,1,1,28,A,4
306214277,1,1,28,A,3.55
406206856,1,1,28,A,3.92
706247898,1,1,30,A,3.93
6257305,1,1,31,A,3.4
706207171,1,1,31,A,3.65
306163758,1,1,32,A,3.9
806137385,1,1,32,A,2.65
906228498,1,1,32,A,3.83
206250751,1,4,34,A,4
806328832,1,1,37,A,2.03
306207494,1,1,37,A,3.91
106176587,1,1,38,A,0
6245063,1,2,31,H,3.92
606142811,1,2,31,H,3.76
906248774,1,2,32,H,4
6208367,1,2,33,H,3.91
306318939,1,2,34,H,3.3
706192886,1,2,34,H,3.96
406106908,1,2,35,H,4
706305162,1,2,35,H,3.04
206217912,1,5,35,H,NA
105922600,1,2,36,H,3
606106907,1,2,36,H,3.95
706167170,1,3,36,H,3.75
906130005,1,2,36,H,4
806206492,1,3,36,H,3.88
506208299,1,2,37,H,3.66
606225222,1,2,37,H,2.5
6119516,1,2,38,H,3.96
6307145,1,2,38,H,3.15
906273594,1,2,38,H,3.05
6106910,1,3,38,H,3.87
6133555,1,2,39,H,3.85
106305160,1,2,40,H,3.7
706332009,1,2,40,H,3.29
306137849,1,2,40,H,3.66
6144950,1,2,40,H,3.8
306141097,1,3,40,H,3.77
706270389,1,3,40,H,3.85
906261143,1,3,41,H,3.95
206315205,1,3,42,H,2.78
6137539,1,3,42,H,4
506205286,1,3,43,H,4
206188815,1,2,44,H,3.48
906143041,1,NA,25,L,3.75
206129265,1,NA,NA,NA,3.75
106197132,2,2,24,A,3.67
206155438,2,5,25,A,3.91
106128412,2,2,26,A,4
106197113,2,2,28,A,3.95
306248456,2,2,28,A,3.95
606198006,2,2,28,A,3.72
205459817,2,2,28,A,NA
306217959,2,2,29,A,4
806228031,2,2,29,A,3.96
806212860,2,2,29,A,3.87
906228196,2,2,29,A,3.66
106174362,2,2,29,A,4
306259807,2,2,30,A,3.96
406246999,2,2,30,A,4
206249970,2,2,30,A,4
706192363,2,2,30,A,3.95
406256653,2,2,30,A,3.8
306205961,2,2,30,A,3.64
506147456,2,2,30,A,3.93
506008988,2,2,30,A,4
906159659,2,2,30,A,3.87
706117934,2,2,31,A,3.88
706206020,2,2,31,A,3.75
906106901,2,2,31,A,3.8
406248106,2,2,31,A,3.96
906137926,2,2,31,A,3.54
206161986,2,2,31,A,4
6269450,2,5,31,A,3.96
206154641,2,2,32,A,4
906254289,2,2,32,A,3.7
406189164,2,2,32,A,3.9
306112486,2,2,32,A,2.7
506228056,2,2,32,A,3.96
806216943,2,2,32,A,4
906202196,2,2,32,A,4
406187184,2,2,32,A,4
506218613,2,2,32,A,4
406125619,2,2,32,A,3.54
606141185,2,2,32,A,4
306096938,2,2,33,A,4
306279042,2,2,33,A,3.74
6271759,2,2,33,A,3.95
306245655,2,2,33,A,3.95
406249870,2,2,33,A,3.87
206244897,2,2,33,A,3.83
806221261,2,2,33,A,3.92
906236568,2,2,33,A,3.7
106173310,2,2,33,A,3.3
606141190,2,2,33,A,4
206133856,2,2,33,A,3.61
906245704,2,2,33,A,3.8
106220967,2,2,33,A,4
706132835,2,2,33,A,3.54
506250151,2,2,33,A,3.66
906236318,2,2,33,A,3.63
706097912,2,2,34,A,3.53
6244997,2,2,34,A,3.92
406271352,2,2,34,A,3.9
206235553,2,2,34,A,3.89
6120181,2,2,34,A,3.61
306123343,2,2,34,A,4
906280354,2,2,34,A,3.86
806156294,2,2,34,A,3.95
106206160,2,2,34,A,3.65
606199124,2,2,34,A,3.8
106123565,2,2,34,A,3.83
906225503,2,2,34,A,3.78
406218152,2,2,34,A,3.92
206166286,2,2,34,A,4
706228140,2,2,34,A,3.92
206134002,2,2,34,A,3.77
706251041,2,2,34,A,3.86
206235534,2,2,34,A,3.63
106130066,2,5,34,A,4
406158723,2,5,34,A,3.34
306247131,2,2,35,A,3.89
506134492,2,2,35,A,3.93
306266577,2,2,35,A,4
506194725,2,2,35,A,3.88
406146725,2,2,35,A,4
606277819,2,2,35,A,3.87
706260922,2,2,35,A,NA
606333518,2,2,35,A,2.45
705868799,2,2,35,A,4
206139599,2,2,35,A,3.96
906156000,2,2,35,A,4
906137525,2,2,35,A,3.96
506145419,2,"2, 1",35,A,4
206240205,2,2,36,A,4
806205416,2,2,36,A,3.92
406210655,2,2,36,A,4
206272531,2,2,36,A,3.75
306134493,2,2,36,A,3.96
706121667,2,2,36,A,3.57
606194942,2,2,36,A,3.95
606189771,2,2,36,A,4
906191602,2,2,36,A,4
706206671,2,2,36,A,3.5
6205514,2,2,36,A,0
106210869,2,2,36,A,3.95
105870470,2,2,36,A,4
6142885,2,2,36,A,3.88
706277753,2,2,36,A,3.63
906244035,2,2,36,A,3.96
206197080,2,2,36,A,3.95
606197568,2,2,36,A,3.23
906277276,2,2,36,A,3.52
106244256,2,2,36,A,4
306268246,2,2,36,A,3.86
606175255,2,2,36,A,3.9
506134473,2,5,36,A,3.95
906189939,2,2,37,A,3.72
106106900,2,2,37,A,3.7
506111867,2,2,37,A,3.93
206206065,2,2,37,A,3.57
206208658,2,2,37,A,3.92
706272005,2,2,37,A,4
506188705,2,2,37,A,3.87
206209709,2,2,37,A,3.96
106222278,2,2,37,A,3.96
506244056,2,2,37,A,4
106226021,2,2,37,A,3.83
906130680,2,2,37,A,4
206209771,2,2,37,A,4
505871873,2,2,37,A,4
206293487,2,2,37,A,3.92
306316389,2,2,37,A,2.66
406219608,2,2,37,A,3.71
506274185,2,2,37,A,3.79
206155966,2,2,37,A,3.9
NA,2,2,37,A,3.92
306319806,2,2,37,A,3.27
906268385,2,2,38,A,3.21
706320394,2,2,38,A,3.85
406215196,2,2,38,A,4
906161959,2,2,38,A,4
706269951,2,2,38,A,3.87
806238351,2,2,38,A,3.73
506171601,2,2,38,A,4
006191480,2,2,38,A,3.84
606156266,2,2,38,A,3.71
106171274,2,2,38,A,3.42
806141453,2,2,38,A,3.92
406150538,2,2,38,A,3.91
706203837,2,2,38,A,3.91
706138516,2,2,38,A,3.84
606139205,2,2,38,A,3.8
906204341,2,2,38,A,3.96
6207155,2,2,38,A,4
306219944,2,2,38,A,4
206248635,2,2,38,A,3.89
606190637,2,2,38,A,4
306162344,2,5,38,A,4
306225105,2,2,39,A,3.93
706156299,2,2,39,A,4
106174263,2,2,39,A,3.45
6176187,2,2,39,A,3.85
806171336,2,2,39,A,4
806141368,2,2,39,A,4
6253251,2,2,39,A,4
306157050,2,2,39,A,3.9
406213041,2,2,39,A,3.88
906208396,2,2,39,A,3.96
206213061,2,2,39,A,3.66
906273810,2,2,39,A,3.79
306171579,2,2,39,A,3.31
606159477,2,5,39,A,0
206211948,2,5,39,A,4
6251148,2,2,40,A,3.96
806219588,2,2,40,A,3.96
706195880,2,2,40,A,4
806219550,2,2,40,A,4
106198693,2,2,40,A,3.47
306189094,2,2,40,A,4
706141284,2,2,40,A,3.85
206156452,2,2,40,A,3.58
806249420,2,2,40,A,3.96
406223771,2,2,40,A,3.4
106130009,2,2,40,A,3.88
506206709,2,2,40,A,3.81
306223385,2,2,40,A,4
506291279,2,2,40,A,4
506319674,2,2,40,A,3.78
206252284,2,2,41,A,3.62
106122071,2,2,41,A,3.6
706130563,2,2,41,A,3.9
606236230,2,2,41,A,4
906251276,2,2,41,A,3.7
206246900,2,2,41,A,3.95
406187551,2,2,41,A,4
6248815,2,2,41,A,3.7
106186237,2,5,41,A,4
406192680,2,2,42,A,4
6270255,2,2,42,A,3.5
406141148,2,2,42,A,3.5
506210080,2,2,42,A,3.93
506139060,2,2,42,A,3.79
906162534,2,2,42,A,3.91
706121785,2,2,42,A,3.43
906190551,2,2,42,A,3.37
906188666,2,2,42,A,3.44
506164813,2,2,42,A,4
906125495,2,2,43,A,3.92
606122115,2,2,43,A,3.95
206099329,2,2,43,A,3.85
206195670,2,2,43,A,3.92
106167012,2,2,43,A,3.87
6130769,2,2,43,A,3.89
6109466,2,2,43,A,3.93
306145477,2,2,43,A,3.4
706134603,2,2,43,A,4
206129637,2,2,43,A,4
906010654,2,2,43,A,2.92
706214256,2,2,44,A,3.82
6204265,2,2,44,A,3.96
606097917,2,2,44,A,3.37
206277232,2,2,44,A,3.41
906190396,2,2,44,A,3.82
706158854,2,2,44,A,4
806195653,2,2,44,A,3.95
506225166,2,2,44,A,3.78
806193866,2,2,45,A,2.57
506187230,2,2,45,A,4
606155083,2,2,46,A,4
6198537,2,2,47,A,4
406132337,2,2,47,A,3.9
406237377,2,2,47,A,3.95
6199805,2,3,29,H,3.81
406189102,2,3,31,H,3.96
106195492,2,3,31,H,4
606234288,2,3,32,H,3.77
705811393,2,3,32,H,3.82
206139250,2,3,32,H,3.95
506226665,2,3,32,H,3.95
606154776,2,3,32,H,4
706273694,2,3,32,H,3.75
106190767,2,3,33,H,3.97
306013641,2,3,33,H,4
506215431,2,3,33,H,3.31
606269174,2,3,34,H,3.78
906145163,2,3,34,H,4
105868293,2,3,34,H,2.7
506127991,2,3,34,H,4
706186512,2,3,34,H,0
806254666,2,3,34,H,3.91
506153918,2,3,34,H,3.4
706095687,2,3,34,H,4
106247580,2,3,34,H,3.64
106193105,2,3,34,H,3.95
406188414,2,3,34,H,3.92
706189389,2,3,34,H,3.78
6199400,2,3,35,H,3.86
206248206,2,3,35,H,3.95
306154339,2,3,35,H,3.84
706242400,2,3,35,H,3.96
806123449,2,3,35,H,3.66
506220362,2,3,35,H,3.85
806205746,2,3,35,H,4
706324580,2,3,35,H,3.44
706250541,2,3,35,H,4
206166984,2,3,36,H,3.5
406219788,2,3,36,H,3.84
6209786,2,3,36,H,3.96
806101923,2,3,36,H,3.5
206188467,2,3,36,H,3.91
606160150,2,3,36,H,3.58
206135068,2,3,36,H,3.87
706175373,2,3,36,H,4
706220361,2,3,36,H,3.83
506245353,2,3,37,H,3.92
706220101,2,3,37,H,3.68
706249798,2,3,37,H,3.9
106192101,2,3,37,H,3.46
906218461,2,3,37,H,4
106248099,2,3,37,H,4
6165952,2,3,38,H,4
606137230,2,3,38,H,4
306206084,2,3,38,H,3.78
206129741,2,3,38,H,3.82
906246497,2,3,38,H,3.8
106190437,2,3,38,H,3.91
6198740,2,3,38,H,3.96
206252236,2,3,38,H,3.58
6263523,2,3,38,H,3.96
6195341,2,3,38,H,3.97
106129826,2,3,39,H,4
706187291,2,3,39,H,4
6227851,2,3,39,H,3.96
606205592,2,3,39,H,3.95
706139016,2,3,39,H,3.95
306218572,2,3,39,H,4
306242930,2,3,39,H,0
506253866,2,3,39,H,3.96
406146570,2,3,39,H,3.93
306292637,2,3,39,H,4
506187428,2,3,40,H,3.62
406161136,2,3,40,H,2.96
906246015,2,3,40,H,3.28
106160732,2,3,40,H,4
106160906,2,3,40,H,3.79
906128446,2,3,40,H,3.33
906146817,2,3,40,H,3.94
906149547,2,3,40,H,4
906238459,2,3,40,H,4
906243917,2,3,40,H,4
906213473,2,3,40,H,3.91
306127690,2,3,40,H,4
906219446,2,3,40,H,4
306254715,2,3,40,H,3.96
906243998,2,3,40,H,3.8
306255159,2,3,41,H,3.96
6258263,2,3,41,H,3.5
906239374,2,3,41,H,4
505620115,2,3,41,H,3.08
106251379,2,3,41,H,4
106141098,2,3,41,H,3.83
506143745,2,3,41,H,3.6
106200115,2,3,41,H,4
506119830,2,3,41,H,3.65
506170531,2,3,42,H,4
906164788,2,3,42,H,4
206143407,2,3,42,H,4
706138917,2,3,42,H,3.45
606215181,2,3,42,H,3.51
906195940,2,3,42,H,3.89
406137660,2,3,42,H,3.88
706146955,2,3,42,H,3.96
806269210,2,3,42,H,NA
906142800,2,3,42,H,4
106157305,2,3,42,H,3.88
406147206,2,3,42,H,3.95
806169084,2,3,42,H,3.73
806138889,2,3,42,H,4
6134866,2,3,42,H,3.96
6132886,2,3,42,H,3.96
506222281,2,3,43,H,3.88
406234717,2,3,43,H,4
406134572,2,3,43,H,4
6195893,2,3,43,H,4
106195454,2,3,43,H,3.93
906156887,2,3,43,H,4
606208859,2,3,43,H,3.88
206144794,2,3,43,H,4
6243337,2,3,43,H,3.9
306242548,2,3,43,H,3.77
706175603,2,3,43,H,3.59
6293799,2,3,43,H,4
506214337,2,3,43,H,4
706270030,2,3,43,H,0
6212213,2,3,43,H,4
306168874,2,3,43,H,4
606160720,2,3,43,H,3.93
405773279,2,3,44,H,4
106150931,2,3,44,H,4
706274066,2,3,44,H,3.95
806169437,2,3,44,H,3.4
706270068,2,3,44,H,4
506147461,2,3,44,H,4
6220963,2,3,44,H,3.23
206166535,2,3,44,H,3.77
106123481,2,3,44,H,4
406134812,2,3,44,H,3.95
406251085,2,3,44,H,4
306128699,2,3,44,H,2.33
206171235,2,3,45,H,4
6249004,2,3,45,H,3.81
606145683,2,3,45,H,4
206128464,2,3,45,H,3.95
206130551,2,3,45,H,3.92
206225629,2,3,45,H,3.96
906126683,2,3,45,H,3.63
206137656,2,3,45,H,3.84
406259637,2,3,45,H,3.93
406249441,2,3,45,H,0
406244844,2,3,45,H,3.9
406253659,2,3,45,H,4
306263022,2,3,46,H,3.8
506174727,2,3,46,H,4
906278959,2,3,46,H,3.74
806315090,2,3,47,H,3.37
406134421,2,1,26,L,3.81
6174697,2,1,27,L,3.81
6147331,2,1,28,L,4
106121854,2,1,28,L,4
606252729,2,1,28,L,4
606144669,2,1,29,L,3.53
406129797,2,1,30,L,3.86
6246350,2,1,30,L,4
106147241,2,1,30,L,4
306204947,2,1,30,L,3.86
306264804,2,1,30,L,3.29
6245459,2,1,30,L,3.88
406147466,2,1,30,L,4
406251274,2,4,30,L,3.95
406130673,2,1,31,L,3.25
106129992,2,1,32,L,3.7
406234449,2,1,32,L,3.86
506280469,2,1,32,L,4
306259077,2,1,32,L,4
106173819,2,1,32,L,3.92
6167098,2,1,32,L,3.2
406187725,2,1,32,L,4
606156558,2,1,33,L,3.95
406146730,2,1,33,L,3.5
406099333,2,1,34,L,3.9
406213319,2,1,34,L,3.86
706145244,2,1,34,L,3.86
106137483,2,1,34,L,4
306134558,2,4,34,L,3.7
306157470,2,1,35,L,NA
106133593,2,1,35,L,3.84
706291264,2,1,35,L,3.9
806208033,2,1,35,L,3.62
606145225,2,1,35,L,4
506145264,2,1,35,L,3.95
806187993,2,4,35,L,3.8
506149610,2,4,35,L,3.95
306200591,2,1,36,L,3.92
706153743,2,1,36,L,3.92
706151522,2,1,36,L,4
506244363,2,1,36,L,3.82
406217591,2,1,36,L,3.9
606202895,2,1,36,L,3.96
706205983,2,1,36,L,3.77
906216315,2,1,37,L,4
606142482,2,1,37,L,3.84
706248459,2,1,37,L,4
706246177,2,1,37,L,3.86
6130868,2,1,37,L,3.9
405981216,2,1,38,L,3.6
506138975,2,1,38,L,4
306291237,2,1,38,L,3.9
405875999,2,1,38,L,3.96
706151169,2,1,39,L,4
806144791,2,1,39,L,3.77
606226655,2,1,39,L,4
406307916,2,1,39,L,3.3
906129177,2,1,40,L,3.27
806279964,2,1,41,L,4
106134696,2,1,42,L,3.96
706157109,2,1,44,L,3.88
506146819,2,1,44,L,3.44
106219761,2,NA,29,NA,4
605913504,2,NA,31,NA,3.66
306248197,2,NA,35,NA,3.96
406138693,2,NA,35,NA,3.95
6262528,2,NA,36,NA,3.82
906171128,2,NA,37,NA,3.9
6167461,2,NA,38,NA,4
806205402,2,NA,39,NA,3.93
906251375,2,NA,40,NA,3.17
606255488,2,NA,48,NA,4
705778478,2,NA,NA,NA,4
106161208,2,NA,NA,NA,4
NA,2,NA,NA,NA,NA
406141600,3,3,28,A,3.78
506123361,3,3,28,A,3.9
906129040,3,3,30,A,3.42
206240309,3,3,31,A,4
606244621,3,3,31,A,4
906204911,3,3,32,A,3.77
206259346,3,3,32,A,3.67
6204656,3,3,32,A,0
806252144,3,3,32,A,3.96
506147630,3,3,32,A,3.74
506149554,3,3,32,A,4
506174044,3,3,33,A,3.67
206151628,3,3,33,A,3.94
806191669,3,3,33,A,4
406154310,3,3,33,A,3.79
606263488,3,3,33,A,0
406277716,3,3,33,A,3.92
606257538,3,3,35,A,4
506111848,3,3,35,A,4
306272205,3,3,35,A,3.96
506156422,3,3,35,A,4
906237271,3,3,35,A,4
106153958,3,3,35,A,3.82
6173320,3,3,35,A,4
506218571,3,3,35,A,3.85
106187798,3,3,35,A,4
106155151,3,3,35,A,3.79
306137665,3,3,35,A,4
706197983,3,3,35,A,4
506263436,3,3,36,A,4
106270882,3,3,36,A,NA
906174650,3,3,36,A,3.74
6141664,3,3,36,A,4
406237056,3,3,36,A,4
506196376,3,3,36,A,3.86
306172994,3,3,36,A,4
806217424,3,3,36,A,3.96
106293930,3,3,36,A,4
105968508,3,3,36,A,3.55
406128420,3,3,36,A,3.36
6213825,3,3,36,A,3.9
606172110,3,3,36,A,4
206170759,3,3,36,A,3.88
106047406,3,3,36,A,0
606026864,3,3,36,A,4
6278317,3,3,36,A,4
306206197,3,3,36,A,4
806141132,3,3,37,A,4
105979371,3,3,37,A,4
106219407,3,3,37,A,3.83
306208766,3,3,37,A,3.87
906189543,3,3,37,A,4
806257354,3,3,37,A,4
206146585,3,3,37,A,3.96
806123699,3,3,37,A,4
806226353,3,3,37,A,0
506198808,3,3,37,A,3.95
106143417,3,3,37,A,3.96
906272698,3,3,37,A,3.64
305070265,3,3,37,A,4
6239646,3,3,37,A,4
406202599,3,3,37,A,4
6278708,3,3,37,A,3.96
606187258,3,3,37,A,3.88
706265745,3,3,37,A,4
806293842,3,3,37,A,3.72
106257550,3,3,38,A,4
106151662,3,3,38,A,0
806244540,3,3,38,A,3.73
306148452,3,3,38,A,3.42
206211081,3,3,38,A,3.95
606264478,3,3,38,A,3.95
806223439,3,3,38,A,4
206245359,3,3,38,A,0
306206866,3,3,38,A,3.8
806243946,3,3,38,A,3.91
906218606,3,3,38,A,3.9
306157903,3,3,38,A,4
206154047,3,3,38,A,4
406165813,3,3,38,A,3.79
906175145,3,3,38,A,4
606146550,3,3,38,A,4
406218840,3,3,38,A,4
606248997,3,3,38,A,4
6207297,3,3,38,A,0
706245229,3,3,38,A,3.89
406155499,3,3,38,A,3.9
206117564,3,3,38,A,0
806221280,3,3,38,A,4
505868286,3,3,38,A,3.8
806051541,3,3,38,A,3.47
106291653,3,3,39,A,4
106262518,3,3,39,A,3.84
306216422,3,3,39,A,3.92
106207471,3,3,39,A,3.96
106131725,3,3,39,A,3.91
106127530,3,3,39,A,3.74
706149789,3,3,39,A,4
306221372,3,3,39,A,3.81
206127186,3,3,39,A,4
706157821,3,3,39,A,4
506144636,3,3,39,A,4
806141759,3,3,39,A,4
506189272,3,3,39,A,0
606142463,3,3,39,A,4
506244018,3,3,39,A,4
206122075,3,3,39,A,3.92
106237618,3,3,39,A,0
406236491,3,3,39,A,4
306155904,3,3,39,A,3.68
206245043,3,3,40,A,4
306254145,3,3,40,A,3.96
606225910,3,3,40,A,3.95
706157618,3,3,40,A,4
6135130,3,3,40,A,4
806118400,3,3,40,A,3.72
106196057,3,3,40,A,3.97
606250264,3,3,40,A,4
206264748,3,3,40,A,3.92
905864644,3,3,40,A,3.91
806138549,3,3,40,A,4
406129189,3,3,40,A,3.81
106173107,3,3,40,A,3.92
506187739,3,3,40,A,4
106256051,3,3,40,A,3.69
906139218,3,3,40,A,3.92
606147861,3,3,40,A,4
306132408,3,3,40,A,3.75
6269520,3,3,40,A,0
906121355,3,3,40,A,3.84
306218609,3,3,40,A,3.95
6214373,3,3,40,A,4
906117339,3,3,40,A,3.95
506241982,3,3,40,A,3.9
706096757,3,3,40,A,3.76
206241728,3,3,41,A,0
106200021,3,3,41,A,4
6059433,3,3,41,A,3.87
6234489,3,3,41,A,4
406210981,3,3,41,A,3.97
206258064,3,3,41,A,4
306259572,3,3,41,A,4
605591136,3,3,41,A,4
6241668,3,3,41,A,4
605933205,3,3,41,A,3.33
506172912,3,3,41,A,3.71
806131661,3,3,41,A,4
806166523,3,3,41,A,4
406139310,3,3,41,A,3.72
6255410,3,3,41,A,3.96
906210441,3,3,41,A,3.93
106275714,3,3,41,A,4
506098535,3,3,41,A,3.96
306167582,3,3,41,A,0
606277353,3,3,41,A,3.91
806203629,3,3,41,A,0
606254870,3,3,41,A,3.97
206239527,3,3,41,A,0
706154870,3,3,41,A,3.29
306143157,3,3,41,A,3.16
305772534,3,3,41,A,3.47
506240751,3,3,41,A,3.44
6160308,3,3,41,A,3.96
906202785,3,3,42,A,4
206160487,3,3,42,A,3.8
806127640,3,3,42,A,3.92
306192845,3,3,42,A,4
806228130,3,3,42,A,3.9
906128494,3,3,42,A,3.66
406291656,3,3,42,A,4
506279668,3,3,42,A,4
306246886,3,3,42,A,4
206249512,3,3,42,A,3.9
306158974,3,3,42,A,0
6160073,3,3,42,A,4
306150181,3,3,42,A,4
105371518,3,3,42,A,3.7
206243732,3,3,42,A,4
406242519,3,3,42,A,4
806176777,3,3,42,A,3.76
506163837,3,3,42,A,4
6212232,3,3,42,A,4
406273247,3,3,42,A,3.76
706133948,3,3,42,A,3.87
706261605,3,3,42,A,3.92
605870514,3,3,42,A,4
406132851,3,3,42,A,3.85
906130581,3,3,42,A,3.92
506235820,3,3,42,A,4
806211648,3,3,42,A,2.95
106264584,3,3,42,A,3.96
5834114,3,3,42,A,3.88
6186600,3,3,42,A,3.9
6247854,3,3,42,A,3.86
506143707,3,3,43,A,3.93
806165217,3,3,43,A,3.92
805762293,3,3,43,A,3.71
6220307,3,3,43,A,4
706209844,3,3,43,A,4
806273924,3,3,43,A,4
106257036,3,3,43,A,4
406219401,3,3,43,A,3.89
506025228,3,3,43,A,3.84
6029182,3,3,43,A,3.93
806214595,3,3,43,A,4
606156247,3,3,43,A,3.88
306150633,3,3,43,A,3.66
306139179,3,3,43,A,4
406273662,3,3,43,A,4
306264837,3,3,43,A,0
706275320,3,3,43,A,3.94
605733471,3,3,43,A,3.77
505960765,3,3,43,A,3.89
306192553,3,3,43,A,4
106166159,3,3,43,A,3.84
206251717,3,3,43,A,3.47
706200589,3,3,43,A,3.73
406234661,3,3,43,A,4
706218481,3,3,43,A,3.76
806129757,3,3,43,A,3.92
506244787,3,3,43,A,4
406220758,3,3,43,A,3.69
106277628,3,3,43,A,3.96
306170513,3,3,43,A,0
706267419,3,3,43,A,3.69
306226746,3,3,43,A,4
306271692,3,3,44,A,3.46
506012966,3,3,44,A,4
806164350,3,3,44,A,3.91
606144909,3,3,44,A,3.9
406143487,3,3,44,A,4
306251788,3,3,44,A,3.98
506090285,3,3,44,A,3.66
406265228,3,3,44,A,4
506057813,3,3,44,A,4
806134607,3,3,44,A,4
806247398,3,3,44,A,4
606228744,3,3,44,A,4
106236497,3,3,44,A,0
906184908,3,3,44,A,4
606276283,3,3,44,A,4
706212455,3,3,44,A,3.76
206247400,3,3,44,A,3.92
306223371,3,3,44,A,3.92
6271976,3,3,44,A,3.85
506164455,3,3,44,A,4
606005041,3,3,44,A,4
506139201,3,3,44,A,4
706236833,3,3,44,A,4
606169872,3,3,44,A,3.86
306175935,3,3,44,A,4
206221443,3,3,44,A,3.8
806142532,3,3,44,A,4
906187445,3,3,45,A,4
306240851,3,3,45,A,3.95
806137998,3,3,45,A,4
306156319,3,3,45,A,0
706219027,3,3,45,A,4
106244459,3,3,45,A,3.91
806125603,3,3,45,A,4
6274932,3,3,45,A,4
306206507,3,3,45,A,3.92
806111979,3,3,45,A,4
906157066,3,3,45,A,4
106119455,3,3,45,A,4
406243496,3,3,45,A,4
306280149,3,3,45,A,4
106200097,3,3,45,A,3.93
706139375,3,3,45,A,4
6149212,3,3,45,A,4
106291479,3,3,45,A,4
506268311,3,3,45,A,3.95
306133993,3,3,45,A,3.91
106214457,3,3,45,A,3.54
6225456,3,3,45,A,3.73
606186819,3,3,45,A,4
906170609,3,3,45,A,4
906235644,3,3,45,A,4
306250717,3,3,45,A,4
806247954,3,3,45,A,3.98
405332747,3,3,45,A,0
406054754,3,3,45,A,3.93
606175236,3,3,45,A,3.96
106102394,3,3,45,A,NA
806112436,3,3,46,A,3.96
206213396,3,3,46,A,3.85
606278220,3,3,46,A,4
6215933,3,3,46,A,3.84
406206644,3,3,46,A,3.96
306171107,3,3,46,A,3.95
606247667,3,3,46,A,4
506203744,3,3,46,A,4
906235955,3,3,46,A,3.75
806227395,3,3,46,A,4
206245750,3,3,46,A,4
206126733,3,3,46,A,3.57
106133611,3,3,46,A,4
6134908,3,3,46,A,4
806091924,3,3,46,A,3.13
406142402,3,3,46,A,3.93
606209458,3,3,47,A,4
906252803,3,3,47,A,4
6222844,3,3,47,A,3.89
606150368,3,3,47,A,3.79
6156368,3,3,47,A,4
406245725,3,3,47,A,3.71
206131598,3,3,47,A,4
506112206,3,3,47,A,4
106160435,3,3,47,A,4
406226977,3,3,47,A,3.81
506104206,3,3,47,A,4
106111218,3,3,47,A,4
706249840,3,3,47,A,4
706243975,3,3,47,A,4
106133545,3,3,47,A,3.9
906160002,3,3,47,A,3.92
706139808,3,3,48,A,4
206209926,3,3,48,A,4
706253573,3,3,48,A,4
506172709,3,1,25,L,4
706263138,3,2,26,L,3.42
206208818,3,2,26,L,3.9
6243610,3,2,26,L,3.96
6188067,3,2,27,L,3.89
406259996,3,2,27,L,4
6200149,3,2,28,L,3.93
406156314,3,2,28,L,3.82
606196408,3,2,28,L,3.87
906134602,3,2,28,L,4
606149780,3,4,28,L,4
706209721,3,1,29,L,3.92
906143885,3,2,29,L,0
906224495,3,2,29,L,4
706293550,3,2,29,L,3.95
106273526,3,5,29,L,3.96
106131462,3,1,30,L,4
806198722,3,2,30,L,4
206193039,3,1,30,L,3.96
706156416,3,2,30,L,4
706208477,3,2,30,L,3.82
106251911,3,4,30,L,4
6275333,3,1,31,L,3.92
506225699,3,2,31,L,3.56
906135201,3,2,31,L,3.5
706236791,3,2,31,L,4
6265386,3,2,31,L,4
6252789,3,2,31,L,3.88
106245072,3,1,31,L,4
6247991,3,2,31,L,4
106162175,3,2,32,L,4
806159985,3,2,32,L,3.69
306293420,3,2,32,L,0
6222146,3,1,32,L,4
206217790,3,1,32,L,3.95
106217762,3,2,32,L,3.65
306197522,3,2,33,L,3.83
706147158,3,2,33,L,3.95
306267379,3,1,33,L,3.88
806139068,3,1,33,L,4
706138955,3,1,33,L,4
806264651,3,2,33,L,4
206130688,3,2,33,L,3.94
206132300,3,2,33,L,3.29
406207865,3,2,33,L,NA
906211011,3,4,33,L,4
706196403,3,1,34,L,4
206149635,3,2,34,L,3.95
906274584,3,2,34,L,3.69
406197362,3,2,34,L,3.82
906151502,3,2,34,L,4
406213220,3,2,34,L,4
306208078,3,2,34,L,4
506206926,3,2,34,L,3.88
606267325,3,2,34,L,4
106171542,3,2,34,L,3.9
206160246,3,2,34,L,4
106267498,3,1,34,L,4
306161896,3,2,34,L,3.88
906168404,3,2,34,L,3.96
906148213,3,2,34,L,3.83
306130640,3,2,34,L,3.96
906198298,3,2,34,L,4
806143188,3,2,34,L,3.96
406134992,3,2,34,L,4
206210246,3,1,35,L,3.89
606207911,3,1,35,L,3.95
106159917,3,1,35,L,3.91
206163787,3,1,35,L,4
605623458,3,2,35,L,3.95
106155226,3,2,35,L,0
706176773,3,2,35,L,3.53
6112096,3,2,35,L,3.95
706155412,3,2,35,L,3.96
6260497,3,2,35,L,4
606212776,3,2,35,L,4
306128388,3,2,35,L,4
206174583,3,2,35,L,3.57
606172681,3,2,35,L,3.63
306249856,3,2,35,L,3.82
606109741,3,2,35,L,3.76
506139437,3,2,35,L,3.88
106141376,3,2,35,L,4
306096943,3,2,35,L,3.9
6219417,3,2,35,L,4
606280162,3,2,35,L,3.67
306196462,3,2,35,L,4
106208772,3,2,35,L,3.96
906137605,3,2,35,L,3.8
106249145,3,5,35,L,3.88
506249370,3,1,36,L,3.96
506139611,3,2,36,L,3.66
306200807,3,2,36,L,3.87
206208187,3,2,36,L,3.68
406319957,3,2,36,L,3.07
206237415,3,2,36,L,3.67
406187443,3,2,36,L,3.95
506263785,3,2,36,L,4
806197751,3,2,36,L,3.85
806255977,3,2,36,L,4
406190817,3,2,36,L,3.8
606150641,3,1,36,L,3.59
606235061,3,1,36,L,3.9
606186923,3,2,36,L,3.65
206148075,3,2,36,L,3.83
6117348,3,2,36,L,4
6246939,3,2,36,L,3.92
706253064,3,2,36,L,3.9
406243745,3,2,36,L,4
206189872,3,1,37,L,4
606213554,3,1,37,L,3.77
806204332,3,2,37,L,4
206219831,3,2,37,L,3.5
406142421,3,2,37,L,3.92
206198659,3,2,37,L,4
706220549,3,2,37,L,4
305867792,3,2,37,L,3.75
506214120,3,2,37,L,3.86
906151125,3,2,37,L,4
406173403,3,2,37,L,3.69
506215775,3,2,37,L,4
506275991,3,1,37,L,3.61
306157936,3,1,37,L,3.85
6126084,3,2,37,L,3.58
506158893,3,2,37,L,4
506158505,3,2,37,L,4
506213352,3,2,37,L,4
706208057,3,1,38,L,4
606222879,3,1,38,L,3.61
6147270,3,2,38,L,4
306216950,3,2,38,L,3.69
206126035,3,2,38,L,4
606207893,3,2,38,L,4
806247770,3,2,38,L,4
406256771,3,2,38,L,3.96
806127876,3,2,38,L,4
806248171,3,2,38,L,3.95
206217728,3,2,38,L,3.91
406151463,3,2,38,L,4
106189764,3,2,38,L,3.85
706221657,3,2,38,L,4
6240211,3,2,38,L,4
106215254,3,2,38,L,3.8
6147703,3,2,38,L,4
106257277,3,2,38,L,3.83
406148461,3,2,38,L,4
406191039,3,2,38,L,4
6175866,3,2,38,L,4
6186214,3,2,38,L,4
706123416,3,2,38,L,4
306223984,3,2,39,L,4
606264628,3,2,39,L,3.71
406192171,3,2,39,L,4
406189418,3,2,39,L,4
706204790,3,2,39,L,3.65
606162272,3,2,39,L,4
406279126,3,2,39,L,4
106253712,3,2,39,L,3.9
906238505,3,2,39,L,3.97
706151541,3,2,39,L,3.89
706259551,3,1,39,L,4
406195476,3,2,39,L,4
806219668,3,2,39,L,3.88
106153963,3,2,39,L,4
606191905,3,2,39,L,4
406251622,3,2,39,L,4
406176703,3,2,39,L,3.92
406187117,3,2,39,L,3.81
706197469,3,2,39,L,3.9
606135146,3,5,39,L,3.67
606164011,3,2,40,L,4
806272712,3,2,40,L,3.9
806120318,3,2,40,L,3.73
506161999,3,2,40,L,4
806250300,3,2,40,L,4
306266817,3,2,40,L,4
6149882,3,2,40,L,4
6139406,3,2,40,L,3.81
906192507,3,2,40,L,3.95
306243500,3,2,40,L,3.95
206222857,3,2,40,L,0
6261982,3,2,40,L,3.92
206156065,3,2,40,L,4
206117682,3,1,40,L,4
806270954,3,2,40,L,3.72
206148301,3,2,40,L,3.8
606274137,3,2,40,L,3.79
6258611,3,2,40,L,3.91
806208504,3,2,40,L,4
606129305,3,2,40,L,4
206137468,3,2,40,L,4
106118408,3,4,40,L,4
606212724,3,4,40,L,3.87
306216592,3,2,41,L,4
6225159,3,2,41,L,3.45
906240527,3,2,41,L,3.95
806245988,3,2,41,L,3.79
406250707,3,2,41,L,4
306260405,3,2,41,L,3.82
206139245,3,2,41,L,3.95
606238248,3,2,41,L,4
406128707,3,2,41,L,3.94
506093175,3,2,41,L,4
706138818,3,2,41,L,3.86
6221849,3,2,41,L,4
106133625,3,5,41,L,0
406145368,3,2,42,L,3.8
106264715,3,2,42,L,4
706194456,3,2,42,L,4
5917703,3,2,42,L,3.15
906198000,3,2,42,L,4
206134634,3,2,42,L,3.7
706143787,3,2,42,L,3.96
606135226,3,2,42,L,4
306118921,3,2,42,L,4
506143378,3,2,42,L,4
6098953,3,5,42,L,4
406254932,3,1,43,L,4
106161736,3,2,43,L,3.87
606172978,3,2,43,L,3.84
206156555,3,2,43,L,3.85
806156213,3,2,43,L,4
906239897,3,2,43,L,4
206193416,3,2,43,L,4
106279825,3,2,43,L,3.96
206133564,3,2,43,L,3.23
906155430,3,2,43,L,3.38
506269508,3,2,43,L,3.9
506149592,3,2,43,L,3.82
406219750,3,2,43,L,3.68
706145654,3,2,43,L,3.72
506237744,3,2,43,L,3.9
106234832,3,5,43,L,4
6117857,3,2,44,L,3.68
406204089,3,2,44,L,4
406138853,3,2,44,L,4
906176116,3,2,44,L,3.96
506223860,3,2,44,L,4
606214233,3,2,44,L,3.73
206174917,3,2,44,L,3.93
306228571,3,2,44,L,3.9
906197449,3,2,44,L,4
506279970,3,2,45,L,3.6
6270670,3,2,45,L,3.88
606156860,3,2,45,L,3.95
506210061,3,1,45,L,3.82
206208248,3,2,45,L,3.92
706165717,3,2,45,L,4
606158840,3,5,45,L,4
406134162,3,5,45,L,0
406250651,3,2,46,L,3.8
805809988,3,2,46,L,4
806161672,3,2,46,L,4
606158369,3,1,46,L,3.84
6195794,3,1,46,L,4
706145442,3,2,46,L,3.96
5783355,3,2,46,L,3.63
606191793,3,2,47,L,4
806127174,3,2,48,L,3.89
806134914,3,NA,30,NA,3.92
206127252,3,NA,31,NA,3.69
106238260,3,NA,33,NA,3.6
906245445,3,NA,36,NA,4
506210396,3,NA,36,NA,4
806160371,3,NA,37,NA,4
506263403,3,NA,42,NA,3.92
306131300,3,-,44,NA,4
606261248,3,NA,44,NA,3.96
406209001,3,NA,NA,NA,3.86
406197767,3,NA,NA,NA,3.85
906241089,3,NA,NA,NA,3.81
906245600,1B,1,35,A,3.78
506156634,1B,3,29,H,4
206186519,1B,5,32,H,4
606097432,1B,5,33,H,3.95
806227220,1B,5,37,H,3.9
206222230,1B,2,39,H,4
606209774,1B,3,39,H,3.97
205868706,2i,5,37,A,3.95
806201951,2i,3,40,H,0
806096097,2i,3,38,H,0
406221809,2i,5,36,A,3.91
406261433,2i,5,40,A,0
706236036,2i,2,33,A,3.87
606186112,2i,2,40,A,4
906161233,2i,2,39,A,3.91
106293440,2i,2,37,A,0
806238488,2i,3,38,H,0
406153754,2i,3,34,H,3.62
306159092,2i,5,41,A,3.84
106201049,2i,3,37,H,3.97
906186177,2i,3,44,H,0
406241303,2i,3,35,H,4
6238623,2i,5,39,A,0
606190312,2i,NA,39,NA,4
506161466,2i,3,37,H,0
6203690,2i,2,36,A,3.68
