deathRate,PctBachDeg25_Over,PctUnemployed16_Over,PctPublicCoverageAlone,medIncome,povertyPercent
164.9,19.6,8,14,61898,11.2
161.3,22.7,7.8,15.3,48127,18.6
174.7,16,7,21.1,49348,14.6
194.8,9.3,12.1,25,44243,17.1
144.4,15,4.8,22.7,49955,12.5
176,11.9,12.9,20.2,52313,15.6
175.9,11.9,8.9,28.7,37782,23.2
183.6,11.3,8.9,24.1,40189,17.8
190.5,12,10.3,26.6,42579,22.3
177.8,16.2,9.2,16.5,60397,13.1
121.4,26.2,5.9,18.3,54721,12.7
172.7,15.9,8.2,20.2,51395,15.7
188.3,14.2,8.3,20.5,52673,12.6
165.3,20.9,7.5,14.1,71890,9.9
171,18.1,8.4,21.4,50083,16.3
174.2,10.7,9.4,24.1,43823,19.3
169.9,20.3,8.5,13.7,61653,11.9
153.8,10.1,10.6,20.4,51022,13.9
162.8,16.4,6.4,18.8,49819,15.7
163.3,21.3,8.2,17.4,53733,15.7
140.8,25.7,8.8,11.9,41837,28.4
169.4,9.8,9,22.4,44342,20.5
189.7,7.9,9,26.4,35615,21.5
206.1,12.7,9.7,17.3,56737,13.2
236.7,5.4,9.2,25.4,37625,22.1
196.3,8.5,14.4,25.4,33817,22.2
186.2,11,6.4,19.4,43572,15.1
194,14.8,6.8,21.7,34887,21.9
226.5,7.6,18.1,25.2,32162,21.8
212.9,5.8,12.3,32.5,32961,25.1
185.6,8.8,6.5,25.4,41838,17.4
217,8.4,9.2,27.8,36739,21.4
209.9,9.8,9.4,18.8,32705,28.9
128,7,6.7,21.2,41039,17
195.1,11.2,7.2,22.1,36996,21.1
212.1,6.9,8.1,31.1,35980,21.2
184.1,12.6,7.2,17.1,48178,12.9
153,9.3,7.9,19.1,41010,15.3
206.7,13.5,7.4,21.3,42121,13.9
194.2,11.7,6.8,21.3,41121,16.7
178.2,18.2,8.4,14.6,66950,10.2
205.4,14.7,7,20.4,43936,16.8
218.4,9.3,7.2,26.9,40568,20
226.9,5.7,10.1,31.6,34295,24.4
240.1,5.5,10.9,25.8,36437,20.2
234.8,3.2,13.3,37.7,24707,34.9
188.8,14.5,4.9,18.3,43729,17.9
184.6,11.4,7,17,43356,15.2
209.5,7.8,10.3,26.6,35799,20.6
210,12.5,5.1,27.1,35046,20.5
198.4,8.5,8.8,23.3,40012,16.1
240.8,5.4,14.1,31.3,29839,28.1
155.9,20.6,5.8,12.4,43835,22.5
190.7,8.7,7.3,23.7,36351,19.3
209.7,11.1,12.3,17.3,44446,13
199.8,8.2,8.4,23.5,36375,19.6
184.4,18.7,5.5,16.8,40195,18.4
139.8,7.3,4.9,24.1,38204,16.7
213.3,7.3,8.2,17.7,44801,16.5
176.8,10,5.7,23,34341,17.6
169.8,9,7,21.1,41420,17.6
171.5,14.8,3.7,15.8,59472,10
198.2,12,6.6,24,40270,17.7
168.6,10.6,6.7,23.4,37468,20.8
214.7,6.3,10.6,24.3,46383,17.7
204,8.2,8.9,32.6,33041,23.1
170.4,7.6,10,24.7,32456,25.8
172.2,11.7,9.5,20.6,40305,16.8
168.1,7.1,7.6,17.9,36466,17.1
199.1,7.2,10.9,19.8,41019,15.8
189.5,9.3,8,23.3,38387,19.7
183.8,7.5,9.9,27.1,37242,20
259.5,5.3,14.8,35.4,29331,26.1
202.6,6,8.1,21.3,40013,18.5
185.8,7.8,8.4,23.5,38600,20.3
185.5,12.2,8.6,22.7,41932,17.2
235.4,4.5,10.1,28.7,34419,22.8
206,8.5,10.1,22.6,42063,17.8
217.5,14.6,7.9,23.9,41294,14.9
168.4,10.6,6,19,46375,13.7
171.7,18.9,7.2,21,44395,13.6
158.6,20,6.1,17.2,54141,12
166.4,12.4,3.7,16,50998,10.5
190.1,11.9,7.5,23.7,41810,16.5
157.9,20.6,3.1,10.6,68430,5.9
160.1,13.5,5.1,15.7,52485,10.7
157.6,8.4,4.8,17.6,45316,16
176.6,15.8,5.8,12.9,59020,8.8
176.4,10.1,6.5,20.3,43562,14.7
153.8,28.3,4.9,10.2,61937,13.4
178.9,11.5,6,13.9,54359,9.9
158.7,19.7,6.2,15.5,49717,11
192.8,15.4,7,20.6,46475,13.9
155.6,16.2,6.1,16.8,52224,13.9
163.4,19.9,5.8,14.6,48102,14.4
171.9,12,7.2,17.6,44562,12.8
159.4,14.8,5.3,14.4,52149,9.9
166.4,8.8,10.1,20.4,41418,17
166.9,13.1,4.6,13.9,46972,15
158.4,14.8,3.5,13.8,53328,8.7
152.3,18,3.5,9,61802,8.2
169.9,17.2,1.4,17.8,40351,16
187.4,10,3.1,14.8,43883,12.1
138.2,14.2,2.6,12.4,55955,9.2
120.2,14.8,1.7,16.8,49517,10.7
215,9.2,14.4,28.4,41344,34
156.3,14.5,1.4,16.9,44726,12.3
159.2,22.6,1.4,8.3,69191,7.4
142.1,25.8,3,9.1,53290,13.6
162.7,12.9,4.7,17.7,40979,12.7
164.7,19,2,11.6,51335,10.6
211,10.9,11.9,17.3,46840,13.2
167.7,15.1,10.8,16,51241,15.6
145.2,16.4,8.5,12.9,60322,10.3
143.2,12.3,5.5,10,72648,10.8
262.1,12.6,11.9,16.5,47180,14
178.7,14.2,4.7,2.6,70535,9.8
191.5,8.8,7.8,11.6,67423,10.7
123.8,4.7,12,11.3,74347,11
127.4,15.9,11.8,15.5,45629,15.1
195.7,11.1,13.6,19.1,48576,13.7
254.3,6.8,15.4,21.6,40714,19
213.5,9.2,13.4,25,42881,16.8
121.8,7.5,9.5,19.1,52001,18.5
132.6,14.1,10.3,13.2,55291,8.4
166,18.2,9.1,15.6,52862,15.4
188.4,8.8,10.6,13.7,57243,13.7
193.5,12.8,11.3,18.7,45639,19.3
182.6,19.1,5.3,16.8,59831,10
168.8,20,5.8,13.4,57556,10.7
162.8,19.4,6.1,12.7,56008,11.8
181.6,11.7,6.9,22.5,42491,14.9
155,20.2,5,14,56353,11.6
163.2,23,5.9,12.7,71233,8.7
173.1,21.5,5.2,13.1,62429,9.5
172.2,24.6,5.6,9,79653,6.1
177.6,21.1,6.5,12.4,58577,11.8
171.9,16.4,5.8,15.6,57142,10.4
179.5,17,12.5,17.7,54208,15.1
147.3,29.5,6.5,11.8,84309,7.6
171.6,23.3,8.5,10.6,80479,7.2
182.8,19.4,10.2,18.6,61685,13
193.1,19.5,10,16.8,55409,13
189.6,10.5,11.1,24,45438,19.5
161.8,19.8,13,21.1,54603,16.7
193.5,19.9,9.2,12.8,78983,8.2
152.6,23.8,9.3,21.3,57720,17.7
145.1,29.3,5.9,7.1,103876,4.7
160.3,20.7,9.4,14.5,73750,11.8
156.7,24.5,7.5,12.1,77330,8.3
168.6,26.1,7.9,10.7,87220,8.2
150.3,29.8,6.3,7.5,100511,5
174.2,18,8.8,19,62937,11.9
159.1,17.1,8.6,25,58030,18.2
194.8,14.3,10.6,18.7,56645,13.1
153.3,29.2,6,8.6,100194,5
176.4,23.2,8.2,9.8,82048,6.2
155.6,19.7,9.8,17.1,68172,11.1
175.1,19.7,9,12.4,71294,8.3
147.1,17.9,8.4,24.1,47192,18.7
164.7,14.8,4.6,13.1,33256,22.2
164.5,11.9,7.6,29.4,38403,23.4
146.5,8.4,15.3,35.7,35081,28.8
139.9,14.9,9.5,26.1,37156,20.5
143.8,12.6,9.1,24.1,42620,19.2
243.6,6.8,5.2,30.4,33789,20.6
150.8,16.2,11.5,29.9,38974,27.9
170.8,10.7,5.8,21.3,57007,14.1
159.4,12.8,9.7,30.3,38221,19.1
142.8,7.8,1.2,20.2,29147,25.8
166.3,9.3,12.2,35,34304,24.5
166.2,8.1,5.9,22.1,58994,16.6
123.4,19.5,7.3,27.8,39995,20.1
114.5,24.9,3.5,4.2,108477,4.2
181.8,6.9,13.8,37.9,27268,30.6
137.7,6.7,15.5,37.6,29497,35.8
134.3,6.8,5.4,46.6,27627,24.2
161.1,9,12.7,27.5,41736,20.2
190.6,9.1,5,25.9,29069,23.9
155.5,10.6,11.4,26.6,34902,24.1
163.5,12.8,9.7,25.2,36108,24
135.7,16.6,9.2,21.1,56142,12.6
136.7,9.1,9.2,24.4,47520,21
158.2,10.5,6.4,30.2,32964,25.5
126.1,20.4,7.9,19.7,52628,14.2
190.3,12.3,6.8,27.8,29036,23.8
167.8,10.6,7.3,29,32285,31
135.2,16.9,10.7,29.3,36125,19.2
164.3,10.4,11.2,36.8,37311,27.6
151.6,11,2.1,28.1,36684,19.4
163.1,10.8,12.4,29.7,40591,24.5
176.1,20.1,6.4,14.2,60371,13.5
177.2,9.8,9.2,20.2,42655,18.3
162,12.3,14,38.2,33687,31.5
163.6,15,7.8,21.2,46283,17.2
167.9,10.3,8.2,18.7,43892,16.2
158.6,12.5,7.3,17.9,52792,12.7
173.2,11.3,7.8,22.4,41757,19.3
183.8,12.8,5.4,21.4,48880,18.2
180.3,9.5,7.1,20.8,46387,16.7
194.2,7.3,10,22.2,34842,20.5
111.3,14.6,1.1,9.7,38636,14.6
200.6,17.3,8.3,12.6,64350,10.2
149,26.5,5.1,10.7,75926,7.9
180.3,12.5,5.5,16.7,46331,14.8
195.7,19,7.4,7.9,76206,7.5
187.4,12.5,5.4,13.5,64305,8.8
190.6,15.3,7.9,15.5,45827,13.7
224.2,7.6,12,26.3,31429,26.6
136.5,34.8,4,4.6,122641,3.9
191,13,8.1,14.3,60121,11.5
189.8,8.1,7.3,22.6,37548,22.4
169.8,14.4,6.6,16.8,52513,12.3
157.1,16.2,3.3,10.6,58268,10.6
213.7,9.8,6.9,20.2,38500,21.1
206.9,15.3,6.3,12.3,48921,14.4
153.3,23.2,5.6,8.7,43484,24.8
194.3,14.4,5.7,15.2,48076,13.4
201.4,16.7,6.1,8.7,72406,6.2
227.1,14,9.5,20.6,36822,21.5
190.5,16.1,8.7,13.5,51422,14.3
201.5,10.5,10.8,24.5,37996,24.3
177.3,15.2,7.9,15.7,59282,10.7
199.2,8.1,9.3,18.1,44851,16.9
178.3,8,8.3,22.3,34885,21.9
176.8,9.4,7.7,18.6,44207,14.6
175.1,19.3,4.9,7.2,75539,7.1
188.8,12.4,7,16,37543,25.5
172.1,14,10.6,9,61792,10.5
150.1,23.2,5.4,8.6,91886,7.2
185.8,11.4,7.4,16.7,46186,14.7
149.6,19.9,2.9,13.1,62800,9.3
176.2,8.8,8.7,17.9,42204,19.7
155.9,22.7,5.1,12.8,61935,8.2
159.2,13.8,4.1,15.6,48497,13
156.1,14.4,5.4,13,55798,11.7
212,8,8,23.5,37378,17.9
196.1,8.1,9.4,20.7,36290,20.8
171.4,12.2,6,15.9,45430,12
202.4,9.2,6.4,24.3,37831,19.7
181.8,10.1,7.2,16.7,46521,15.3
172.5,17.9,6.2,9.4,75714,9.2
175.6,22.2,5.5,7,92647,5.9
182.2,15.4,10.7,17.1,48707,12.9
208.4,5.5,6.9,23.7,37748,23.9
208.1,8.5,8,23.6,38292,19.2
202.5,13.9,7.2,11.7,60714,11.3
176.7,14.4,6.9,17.7,43353,14.5
179.9,11.5,9.7,16.8,48232,15
223.4,9,11,22.9,38528,21.9
175.9,9.8,9.6,18.4,41132,15.6
152.3,22.8,5.8,6.2,81169,5.5
135.4,29.8,4.5,8.6,86419,9.6
226.6,16.1,10.7,24.4,34099,21.8
240.8,11,7.3,21.2,38331,17.2
178.2,23.3,4.3,11.9,45890,25.9
182.2,18.8,7.5,12.4,66625,9.8
159.3,13.7,8.3,12.5,52355,11.5
207.4,11.3,12.7,25.5,33646,23.6
137.6,34.4,4.2,2.7,125635,3.2
221.7,16.1,13.7,22.3,38583,22.5
180.3,21.2,8.9,13.6,51195,16.8
190.3,14.9,9.8,16.4,47615,15.2
150.5,20.6,6.5,10.4,38541,28.3
244.9,8.1,12.8,21.9,40122,19.5
194.5,19.9,8,16.3,40065,25
155.2,17.6,7.5,10.8,72510,9.8
191.9,15,9.1,16.5,48440,16.7
193.6,15.6,10.9,18.7,42567,23.4
197.3,14.3,11.1,24.2,31620,21.6
224.4,9.2,13,26.3,32749,25.8
159.2,22.4,4.5,6.5,84213,5.9
218.1,13.3,11.6,22,43045,18.3
193.1,20.7,8.8,13.2,34267,32.4
200.2,21.9,10,20.6,42074,25
201.2,14.8,8.3,22,40735,20.4
186.6,17.1,4.8,13.3,54195,10.2
176.1,18.8,5.6,16.1,42552,16.5
199.3,16.4,8,15.1,60735,13.6
168.1,22.2,6.1,9.2,67676,8.6
210.5,11.7,4.9,20.1,44843,14.6
162.1,27.1,8.5,8.9,46954,20.1
192.8,15.3,6.7,15,44537,13.4
135.7,9.1,9.6,30.5,47423,19
188.3,12.9,9.6,21.2,44055,16.3
163.9,18.3,6.9,19.1,58750,14.6
154.7,15.2,7.5,16.8,49174,14
181.3,14.8,9.9,21,47185,16.2
178.2,17.8,8.6,17.3,61747,9.9
194.4,16.3,10.4,26.2,45465,15.5
184.1,9.8,10.7,24,44235,20.6
157.4,12.8,6.5,26,51151,15.5
161.1,11.5,12.2,28.4,39992,22.4
163.5,10.5,7.2,26.1,55006,17.3
115,19.6,7.4,21.6,46404,14.2
173.1,10.7,10.1,29.2,50388,15.8
194.6,9.9,14.3,24.2,43205,19.6
143.5,20.6,9,14.1,59358,10.3
154.9,21.5,9.5,20.7,50964,14.1
152.7,29.6,6.3,12.7,75738,11.3
170.7,11.8,11.7,20.2,38989,19.9
203.8,7.7,13.2,25.8,34655,24.5
149.1,19.1,6.5,11.3,60650,10
178.6,11.1,12,21.6,41101,16.5
178.5,13.6,9.2,18.8,43338,14.8
172.2,15,7,17.4,45174,14.4
178.6,16.1,7.8,13.6,57088,9.8
168,20.2,8.4,16.2,50191,11.6
192.1,12.1,13.2,25.3,41787,21.5
196.5,7.6,11,21.6,39721,18.5
195.2,12.3,9.5,21.8,33600,20.9
151.8,18.9,6.6,15.1,55592,9.7
168.3,8.6,8.5,19.5,43509,18.5
187.5,9.6,9,18.9,44780,16.6
155.4,19.2,7.2,16.7,39126,18.7
181.6,9.5,7.8,17.8,41678,14.1
165.5,20.4,9,16.7,45840,20.1
173,10.6,10.4,19.5,48681,15.2
193.4,10,12.1,23.4,37122,19
167.6,13.6,9,19.7,35961,17.3
180.1,15.5,11.3,14.2,42431,28.3
193.8,13.7,10.3,19.9,46670,15.4
171,21,9.1,15.6,46283,18.9
200.7,8.2,10.4,22.1,40709,17.4
160.2,21.8,7.7,16.4,53342,15.3
113.5,13.5,7,20.6,40411,12.7
213.1,5.6,13.2,30.8,30990,29.2
186.7,11.2,10.5,14,51510,11.1
132.5,22.3,7.1,13.9,60622,8.9
177.6,12.7,8.6,17.5,48194,14.5
162.7,22.2,5.9,9.2,74341,6.1
175.3,8.6,11.6,26.2,37590,20.6
160.3,11.9,12.5,19.2,39359,15.4
177.8,15.2,9,15,54865,12.3
180,12.3,11.5,20.4,37477,16.6
168.7,19.1,8.1,13.9,44735,15.4
190.2,12.6,10.7,21,42896,16.3
177.2,13.6,12.2,18.5,41572,23
185,11.3,8.5,20.1,42191,14.5
154.4,19.4,8.5,13.4,51629,11.9
190.2,8.8,11,23.7,40455,16.1
182.8,12.2,8.3,14,57719,10.4
184.5,8.7,11.2,20.5,41554,20.4
207.6,6.8,16,21,37961,15.7
189.2,12.6,11.9,24.2,42588,20
197,9.3,10.1,23.9,41588,21
159.6,25.4,7.5,11.3,69378,10
153.3,10.6,8.7,23.3,41166,20.1
177,7.5,12.4,24.2,35968,21.4
171.1,10.8,13.7,18.7,35387,17.8
193.7,8.7,10.3,22.4,40235,20.4
199.5,6.7,13.2,20.6,33975,20.5
194.7,13.5,8.2,19,44693,13.2
142.2,20.9,6.1,11.9,60577,9.1
171.8,10.6,13.1,16.4,39420,16.1
201.8,9.1,14.2,22.8,35002,20.7
175.3,13.6,11.1,21.1,44548,17.4
189.5,11,10.4,17,50303,13.8
178.9,9,8.6,20.3,43687,18.5
170.6,7.8,10.7,20.2,42081,14.7
213.7,9.3,15.6,24.8,39539,17.6
184.9,10.3,10.3,16.3,47882,15.3
181.9,9.4,9.3,18.8,43186,15.6
188.2,12.6,8.4,22.1,46715,16.5
157,25.4,7.4,10.2,62861,14.3
197.9,13.4,14.9,26,41434,24.1
199.2,11.4,9.5,21.7,39807,19
164.1,10.8,7.3,22.3,40676,14.9
167.9,20,6.2,12.9,70868,7.6
189.3,15.6,3.5,20,51116,14.6
162.6,17.4,10.6,26.1,43706,18.5
155.3,15.2,6.7,18,52531,13.6
182.1,11.9,6.9,18.2,51576,16.6
171.5,14.4,6.7,17.5,55047,11.6
181.4,13.4,6.1,15.4,48357,13.8
160.7,11.5,9.5,20.7,45860,14.4
164.8,18.3,8.7,13.9,70925,10.2
183.3,17.3,7,19.7,50134,15.2
164.5,13.4,7.9,17.4,50182,12
180.9,9,8.8,21.6,45704,18.5
183.4,8.7,9.3,22.9,45409,17.8
181.6,12,6.7,16.6,52410,12
187.3,12.2,9.1,17.9,52597,11.1
194.2,13.8,9.7,13.6,49137,11.4
150.9,13.1,8.7,22.5,44148,16.5
177,11.8,10.6,19.8,49781,15.1
153.8,20.1,10,31.8,47547,23.4
173.6,8.7,8.3,19.4,47542,14.3
172,13,5.4,15.8,49920,14.7
174.2,14.8,5.1,17.2,51600,11.8
169.5,20.3,7.7,18.5,51371,14.2
170.1,10.1,8.9,26.2,40923,18.9
145.8,23.7,6.4,11.3,98312,6.7
145.2,31.6,7.5,19.7,75459,17.7
177.1,13.6,7.6,16,49274,13.4
173.9,13.9,7.4,23.7,48350,17.7
180.4,19,7.2,17.7,52892,16.1
162.9,17.2,6.4,15.5,58473,11.5
173.6,17.2,7.3,17.9,69228,13.4
184.2,9.6,9,20.5,46577,15.5
205,8.4,12.7,20.2,36891,21.9
181,17.7,9.8,16.1,54026,12.7
177.2,17.5,6.2,16.2,38130,23.5
184.9,14.8,8.9,18.5,50055,15.3
205.2,8.1,11.6,22.6,38928,22.2
182.2,14.7,10.3,20.7,46073,18.5
194,8.8,13.1,24.7,35991,22.1
165.7,14.3,10.2,18.6,49676,16
181.8,9.4,11.1,23,37881,17.6
161.4,14.9,7.3,21.7,37884,18.1
143.7,12.9,7.3,21.9,38445,19.9
177,9.9,14.7,22.7,35930,19.7
158.6,28.4,8.9,15.4,59049,15.2
180.9,11,8.6,19.1,36795,19.2
153.3,10.6,10.5,25.2,38530,21.1
160.3,19.7,8,19.5,51650,15.5
189,13.6,11.9,21.3,43348,18.2
164,24.7,8.9,14.2,49905,18
189.9,7.2,15.9,27.2,32063,25.8
179.9,13.5,11.6,12.7,47201,14.3
157.3,25.4,6.4,10.1,60304,14.1
151.3,12.7,9.7,20.1,43097,17.9
203.9,12.3,10.1,19.5,44596,18.8
169.8,14,9.8,17.9,45453,15.4
159.5,12.3,12.7,22,41328,17.1
198.1,11.3,11.9,22.3,45841,18.7
171.8,19.1,12.1,17.5,41765,23.4
156.1,18.6,8.8,17.1,45464,14.7
177.5,10.6,9,21.1,41770,16.7
205.3,8.9,13.8,28.9,34665,24.7
193,9,12.1,32,30414,33.1
194.3,9.8,10.5,22.8,39606,19.4
189.8,12.3,11.5,23.1,44973,18
174.8,10.4,12.2,26.6,35629,21.5
183.6,9,10.4,25.6,33876,29
189.6,10.1,15.5,32.2,32782,28.9
180.6,11.4,12.2,19.7,41921,16.5
184.5,10.2,9.3,18.6,45065,13.8
198.1,10,6.9,21.5,37915,18.9
215.3,10.7,7.7,22.6,34788,19.3
137,17.4,6.9,17.1,44490,16.2
222.3,3.9,14.1,23,32773,28.3
158.6,24.1,7.7,12.3,64381,10.8
198.5,8.2,12.2,28.7,33609,27
155.3,31.2,6.4,11.3,66950,11.5
185.4,9.3,10.7,26.1,33869,22.8
167.9,6.1,15.5,26.7,32867,26.8
136,21.2,9.5,10.8,41942,26.2
191.3,13,12.4,23.3,36890,23.3
183.5,9.1,11.7,23,33398,23.4
199.1,12.6,10.1,23.2,39268,23.9
179.7,8.4,8.3,21.8,40801,17.2
178.6,12.9,11,22.7,35974,20.6
140,18.1,1.2,11.3,45710,10.2
173.1,19.4,2.4,8.9,52376,10.3
169.9,10.8,6.1,30.8,39342,29.9
174.1,16.4,2.6,8.9,56965,9.7
209.3,16.7,1.8,5.7,60946,7.4
166.8,14.1,2.3,6.2,62875,8.3
141.6,23.5,2.3,8.3,66734,8.2
143.4,25.8,3.2,8.8,53755,11.3
170.7,13.9,0.8,8.1,54057,9
126,20.5,1.5,8,51817,11.7
93.8,18.6,0.7,6,67344,8.3
127.1,15.4,4.3,14.4,72018,9.5
227.6,18.1,1.9,14.2,47596,10.7
166.9,13.5,3.6,10.4,44282,13.2
174.5,15.6,1.3,7.4,54593,8
205.2,17.6,1,7.6,53420,10.7
162.5,21.4,3.6,10,50435,16.7
147.3,13.7,3.4,11.6,39679,16.1
232.3,16.5,2,7.4,51192,9.5
160.3,12.2,1.1,9.9,50038,11.1
104.8,16.1,0.9,14.2,46923,14.1
134.7,17.3,1.9,9.9,53721,9.7
108.8,10.9,2.2,11.5,44696,11.9
148.3,14.9,3.1,13,48887,12.3
125.9,14.4,1.2,10,40258,13
124.6,17.6,3,9.2,81209,8.6
153.1,15,1.6,11.1,56616,10.1
151.9,15.6,3.2,6.3,74047,7.3
165.2,19.8,3.2,9,54637,9.2
196.8,17.6,4.7,7.9,66807,9.3
205.3,15.7,0.7,12.9,45040,10.8
137.6,13.7,3.6,7.8,62010,10.6
177,15.2,3.5,10.7,56298,8.9
106.5,13.5,0.9,9,39572,11.6
164.9,18.1,1.2,11.2,51097,12.3
181.4,14.6,2,8.8,56270,8.4
151.7,13.4,1.6,5.9,60957,7.7
137.7,16.8,3,10.2,57177,9.7
216.9,16.1,4.8,29.2,35630,31.6
188.2,16.7,1.2,5,58467,7.3
124.8,12,2,23.3,44990,16.1
259.1,13.5,20.3,31.8,33950,33.6
131.8,17.5,2.8,5.9,76672,7.6
117.6,16.3,4,7.9,59408,7.1
172.5,19.3,2.5,11.5,53333,11.6
169.4,14.2,2.9,14.5,51961,10.9
158,19.5,2.7,10.4,58995,8.9
178.3,13.5,7.6,14.3,54366,13.1
174.3,19.3,7.5,17.5,49626,13
195.9,9.1,9.1,20.4,41450,18.1
201.7,8.3,8.3,29.8,36409,20.4
212.3,9,11.8,31,36176,22.7
194.7,13.1,7.6,23.6,37873,14.9
166.2,19.9,4.2,16.5,57408,11.9
198.2,9.3,8.4,24.3,39779,16.9
214,9.2,9.4,32.2,32734,27.4
202.4,7.3,7.2,22.3,39493,18
167.6,10.5,6.2,24.3,36964,17.9
229,8,11.5,38,29541,32.1
170.4,14.1,8.4,19.1,38504,21.5
137.6,7.4,13.6,24.2,35049,25
228.7,7.5,9.5,25.5,33826,19.9
188.5,10.6,10.2,21.6,40555,15.2
163.4,10.8,9.7,24.7,43201,16.6
210,13.3,10.1,22.6,37495,24.1
167.2,11.1,8.1,24.3,42348,18.3
191,16.1,7.5,23.7,42851,22.3
195.3,10.1,7.9,24,43466,16.6
242.9,11.7,9.9,29.6,35455,27.3
230.9,9.1,8.6,27.5,38597,22.3
250,9.4,8.3,24.9,34018,21
194,8.4,19.4,24.3,36620,24.9
186.9,7.5,17.7,32.7,33028,27.3
190.6,13.6,14.3,26,36801,24
174,18,6.6,16.4,51436,14.7
201.6,8,11,26.4,40404,17.5
175,7.3,7.6,25.6,33347,22.6
196.4,13.2,9.2,23.6,40621,18.7
190.5,11.4,9.4,19.5,46067,13.3
194.5,10.2,9,23.6,42572,16.3
185,7.7,7.9,30.3,33136,24.4
200.3,8.5,7.6,23.5,37831,18.7
190.8,5.8,9.4,21.6,35940,19.5
220.6,9.5,8.5,26.7,37336,18.8
170.1,10.4,6.9,23.9,41085,18.6
184.1,8.1,10,26.6,32744,22
233,6.1,7.9,29.5,32427,25.1
204.1,11.5,11.2,27.1,35927,26.8
176.9,11.5,6.2,23.8,34923,19.7
195.2,9.4,12.5,26.9,32225,27.5
213.5,8.3,6.9,27.7,34916,23
217.6,5.5,17.3,34.7,28006,39.3
194.4,6.5,14.2,30.1,37644,29
196,6.9,8.3,22,40418,17
205.5,7.1,8.8,22.6,37691,18.2
221.2,9.9,8.1,24.6,36391,21.1
204.9,13.7,5.9,18,54459,12.3
195.3,7.1,7.3,22.9,39158,18
213.7,9.1,10.9,24,33181,20.3
212.3,10,9.6,23.9,40877,20.8
236.4,8.2,12,30,33577,27.1
229.9,7.7,12.8,33.5,30682,28.1
146.2,7.9,4.3,28.1,34597,20.1
210.7,10,9.5,29.8,30935,25.1
173.3,15.2,7.1,18,46931,16.8
203.6,9.7,4.4,27.8,35895,20.1
198.5,10.2,8.3,25.9,34971,23
209.9,6.9,6.8,25.5,40556,17.3
248.7,7.2,18.1,36,28171,35.3
184.3,8.4,6.6,30,36893,20
247.1,6.1,10,35,35851,21.9
187.2,7.8,9,30.9,33127,22
207.1,13.4,7.6,21.6,39909,18.3
196.7,7.2,6.2,28.7,39896,18.7
182.7,20.7,7.5,19.7,45698,16.1
190.5,11.3,9,18.3,43057,16.7
212.5,8.7,5.4,27.8,37761,18.3
202.9,7.1,11.7,32.4,30489,33.4
169,15.4,5.3,17.1,55915,8.7
207.4,6.9,10.9,24.7,33202,23.7
219.4,8.8,5.9,29.5,31765,23.3
187.5,13.1,6.1,22.7,39907,22.1
179.5,4.6,9.3,25.8,37014,20.4
190.4,5.9,8.8,31.5,32101,21.6
171.7,9.5,7,27.9,30010,24.4
218.7,12.6,9.7,23.2,40841,23.1
178.9,8.3,11.2,26,32975,22
173.1,17.8,6.2,17.1,45589,19.3
201.4,11.7,7.1,20.9,42044,19.4
215.9,7.7,12.4,34.3,29969,25.1
207.9,9.3,8.3,23.5,37080,17.4
147.7,25,8.3,16.6,76996,12.5
166.6,14.7,14,19.4,54610,12.9
178.7,17.5,12.1,24,42302,21.9
157.4,14.4,12.1,19.2,53321,13.7
153.3,11.4,10.4,30.9,48006,14.3
211.9,5.1,17,24.2,34679,18.8
151.5,25.2,8.8,14.9,80338,10.5
185.4,9.4,11.5,31.8,41419,22.4
151.5,20.8,11.1,14,70235,11.4
152.8,13,13.2,30.8,43338,27.5
165.2,10.7,12.6,26.3,43755,17.1
177.4,18.5,10.5,24.2,40581,21
130.3,9.9,17.4,29.9,38737,23.6
138.1,14.7,6.8,18.5,49267,14
161.3,10.3,12.7,29.5,47451,24.5
156.8,15.6,9.9,24.4,38221,22.7
159.7,24.3,4.9,13.2,53572,12
126.9,18.7,4.5,13,37911,19.1
174.6,12.9,13.1,20.5,36734,19.2
130.6,15.6,0.8,7.4,43132,15.4
129.5,18.8,4.8,13.7,41539,12.6
198.6,18.8,3.9,19.9,36903,18
188.8,9.8,11.8,27.1,36449,17.3
158.9,25.4,8.2,14.3,44716,15.8
196.6,10.7,4.6,19.6,39827,19.1
140.9,23.3,5.4,14.2,42942,14.7
151.2,15.3,6.3,13.6,41595,15.7
171.7,17.4,6,17.8,39292,20.3
161,12.1,2.2,18.8,40072,20.2
151.6,16.6,8.2,20.1,42902,17.2
170.1,11.4,2.5,8.3,65738,8.2
182.6,10,6.8,29.9,37511,23.8
164.6,14.8,10.6,14.2,50751,20.5
151.3,12.9,9.3,22.2,32815,20.7
165,17.8,2.7,12.9,52711,10.2
171.4,16.8,7,17.5,39882,19.5
127.4,15.2,3.6,10.8,60812,8.4
165.6,20,0.9,14.6,45000,12
164.9,16.5,5.1,18.1,46208,13.9
174.2,10.4,3.1,16.8,45207,17.2
129.5,14.1,2.6,19.9,46328,12.4
149.4,14,3.4,16.7,35875,19.5
214.4,16.4,3,14.3,43859,11.7
168.9,20.1,4.1,14.4,51653,12.3
157.5,14.9,5.5,12.1,48658,12.5
139,12.8,1.6,12.2,50919,14
171.1,11.5,1.2,10.8,52914,10.3
159,11.3,3.9,15.9,55465,11.4
135.2,14.5,1.1,16.1,39964,13.9
156,10.2,0.7,17,42348,12.8
159.1,23.1,3.5,9.7,51550,12.5
201.4,12.3,3.3,15.1,49345,10.6
167.3,11.2,4.2,10.1,54240,9.2
193.1,16.9,3.8,9.3,66522,6.9
120,13.1,2.2,8.9,54421,10.4
172.1,14.7,0.7,10.8,52749,9.3
148.7,14.5,2.6,12.9,43564,13.3
122.2,17.6,1.6,13.3,55964,9
148.9,14.2,2.8,15.8,55758,11.3
163,9.5,6.4,14.2,50758,10.3
128.3,14.3,3.3,15.7,56047,9.1
159.7,14.6,2.3,14.3,45644,13.4
177.8,7.6,7.4,16.8,50289,14.8
155.4,19.5,2.6,10.8,40667,18.8
139.7,9.7,4.8,16.5,47366,13.7
104.6,11.5,4.3,15.6,44109,11.8
168.3,12.6,4.5,13.7,52601,10.7
177.9,13.4,5.1,13.7,50043,12.9
179.7,24.2,5.7,14.8,52842,14
151.9,13.6,4,17.2,45624,13.8
150.3,13.5,3.4,12.7,54556,10.1
119.2,14.6,3.5,17.7,44794,13.6
127.2,11.8,2.4,10.8,48543,13.7
145.5,14,3.4,16.6,44461,12.7
165.2,14.1,4.3,13.4,50861,11
128.2,16.3,3.1,15,38645,15.6
141,11.8,3.5,16.8,40436,11.8
187.4,14.5,5.1,10.7,55319,9.1
149,10.7,1.9,17.1,43858,12.7
160.8,12.4,6,16.7,48499,14.7
155.8,18.3,2.5,15,62191,6.9
223.9,12.4,1.7,12,46744,11.4
183.7,9.2,3,17.6,40496,13.8
155.3,14.9,0.9,11.5,46667,12.5
155.2,14.9,4,11.5,51040,11.5
201.3,10,4,16.2,44947,11.5
185.6,10.8,3.6,14.6,48511,13.9
136.4,16.8,3.8,10.6,56791,9.6
161.3,14.2,2.8,15.1,45192,12
203.8,11.6,5.1,22.2,45771,11.7
161.7,13.3,3.3,15.8,42745,14.9
153.5,23.9,5.1,11.7,52011,14
167,14.2,4.2,13.9,49770,14.5
161.2,13.6,3.1,14.5,51836,13.7
163.6,12.1,5.2,12.1,50893,10.4
131.6,13.6,4,15.8,46961,14
141.8,10.9,3.2,9.9,48535,11.7
164.7,20.4,8,13.6,49162,13.6
154.3,11.2,2.9,13.8,43249,13.4
149.1,15.1,4.6,11.4,51527,10
171.1,10.8,4.6,10.6,42977,12.2
147.5,13.5,1.7,10.3,56080,10.4
173.5,16.9,1.7,11.6,54137,9.5
159.5,15.9,4.7,11.3,53489,10
155.1,13.7,4.5,9.9,61768,8.4
187.7,14.7,1.9,8.8,58162,8
172.7,12.9,4.1,12.4,43842,11.7
192.2,15.1,3.4,19.4,44282,14.4
187.3,14.1,1.7,11.4,46051,15
181.9,8.1,3.4,11.6,51805,10.1
169.9,24.2,4.4,8.3,74008,5.3
176.2,16.1,3.5,11.5,61961,8.2
160.2,14.5,5.5,19.7,47194,15.6
190.8,23.6,7.2,18.5,48195,19.9
212.3,7.5,10.1,23.9,37417,19.9
202.8,9.3,7.6,23.4,38595,20.1
199.1,9.3,7.5,20.2,45914,14.3
185.6,11.6,6.6,21.9,43425,19.6
174.7,15.9,8.5,15.6,56573,14.7
230.9,7,10.4,33,30299,28.1
180.5,11.6,9.5,20.9,43851,16.5
214.7,10.3,9.5,22.3,37498,19.5
199.9,9.7,9.9,20.1,41326,16.9
211,7.6,9.5,23.8,35704,21.9
194.7,9.8,8.7,22,36740,17.7
218.9,6.7,10.2,33.2,28086,26.1
197.9,10,10.1,24.6,37410,23.4
172.9,18.2,8,17.5,48380,15.9
230.9,7.3,12.1,31.1,27323,29.5
213.7,5.7,18.7,28.9,35321,25.3
185.9,7.6,13.9,25.8,36285,21.7
211.8,8.8,10,23.8,39506,19.6
183.7,7.2,10.5,26.4,35470,24.7
204.5,8.4,9.4,25.5,39303,19.1
219.1,8.5,9.7,24,37151,20.5
213.5,6.6,8.6,25.7,37443,20.2
219,8.4,8.1,25,39753,19.1
222.6,8.9,8.9,17.8,42837,17.6
196.5,5.1,14.5,32.2,35379,23.4
185.3,9.6,9.1,21.1,41235,17.8
211.3,6.1,9,26.1,31330,26.4
181.6,21,6.5,16.4,47199,17.7
247.6,5.9,10.1,36.7,28524,41.9
218.3,5.8,13.4,29.6,33595,24.8
187.3,7.8,10.8,20.7,34614,21.8
217.1,8.4,7.7,23.6,36255,20.3
193,11.3,7.6,20.8,41802,16.5
170.6,15.7,8.9,21.4,53945,13.6
195.9,9.8,9.3,21.5,39528,17.4
210.7,7.8,14.9,27.4,34882,23.5
211.2,5.4,7.4,22.3,36886,19.3
176.3,17,8.4,22.6,43113,20.9
220.2,9.2,6.7,20.9,40766,20.6
216.9,10.4,8.4,18.3,42839,15.5
187.4,13.2,7.7,20.6,51303,15.5
229.6,4.6,15,23.7,34801,20.8
207,8,12.5,23.7,37392,20.6
195.4,16.6,9.7,14.9,50935,13.9
137.3,12.2,6.5,12.5,50358,12.5
191.1,4,8.5,24.3,36390,23.4
215.6,10.3,11.2,21.6,40683,20.8
220.1,8.2,7.7,24.1,35884,18.9
198.4,8,9.5,23.9,33776,23.6
160,4.8,4.9,21.8,31996,19.2
244,6.1,10.9,24,36643,20.3
189.2,15.4,8.4,21.1,37693,20.8
193.5,7.8,11.1,25.6,37952,22
198.7,11.3,9.8,21.9,43269,18
187.2,11.8,8.4,17,52640,13.4
177.6,21.4,6.8,13.7,53799,14.7
255.9,4.6,14.1,30.3,31397,24.5
227.4,7.6,9,22.1,44111,18.7
185.2,10.4,7.4,21.2,39905,17.7
202.7,18.9,10.3,21.2,44015,23
225.1,6.2,5.2,22.4,43659,15
230.1,8.1,10.1,18.9,41590,17.5
187.2,13.6,8.2,20.3,38840,18.5
162.5,16.5,6,17.5,58291,11.3
208.4,9.6,10.6,18.9,52339,15.4
217,6.6,10.5,23.6,40251,17.5
196.1,7.5,13.7,24.4,37632,20.1
221.3,6,9.5,27.9,37453,22.6
174.1,7.5,11.2,24.1,34884,20.6
209.6,8,8,27,36942,19
176.7,18,6.2,17,43212,16.7
201.4,5.6,12.2,27,33573,23.3
205.4,13.6,11.2,17.8,36205,21.5
203.7,7.5,10.5,23.8,35400,21.9
139,35.8,4.2,7.4,97936,5.6
179.2,19.9,6.5,14.5,60955,10.1
245.2,7.5,4.3,19,42471,20.4
182.2,8.8,3.9,14.6,66878,10.7
168.3,10.1,9.1,22.2,42128,17.9
194.6,12.5,6.8,22.9,44551,17.5
138.8,16.6,3,12.5,58867,9.4
213.4,16.1,1.1,11.7,55177,11
169.1,9.3,6.5,20.5,52785,16.9
160.1,14.4,6.2,14.2,58792,11.2
110.4,4.6,4.3,21.6,36821,19.9
140,15.4,4.8,15.3,50107,13.5
181.8,12,9.8,16.2,52886,14.7
212.3,19.6,1.4,13.3,36027,18.3
151.6,6.3,7,23.1,40680,24.9
177.3,15.2,9.5,13.7,51048,14.2
157.2,17.1,7.4,18.3,50699,18.3
154,19.7,6.4,12.7,57177,12
190.7,11.5,7.9,16.9,44397,15
184.8,11.9,8.5,19.6,41883,20.1
169.3,18.5,5.4,12.5,73788,9.9
151.8,20.8,6.4,11.2,41641,26.4
160.4,22.8,4.9,13,40179,13.8
173.3,7.7,19.8,29.9,27875,32.4
188.4,13.1,4.3,19.3,41316,17.5
224,7.1,10.1,24.3,33134,27.4
172.6,16.1,5.7,16.6,51138,14.3
199.4,15,7,24,39812,24.1
192.2,14.4,8.3,19.6,45979,18.4
200.1,6.4,10.2,23.2,36350,23.3
133.3,11.5,6.3,13.5,59300,12.2
224.9,9.9,8.3,20.1,34116,23.3
177.8,8.6,13.5,27.2,35385,28.2
216.1,8,11.7,18.7,31835,30.9
197.8,8.5,9.3,22.5,40642,23.5
178.8,21.6,7.6,19,46831,18.4
250.7,6.6,19.2,36.3,25402,43
212.2,8.9,6.5,23.5,41651,20.4
211.4,9.3,10.4,31.2,32615,24.1
140.5,6.4,11.5,26.2,32318,29
222.7,6,9.2,24.4,40668,22.8
205.9,9,10.6,23,45226,19.4
225.1,8.9,7.9,21.3,47377,19.9
217.7,8.4,6.9,26.1,37130,24.6
188.6,16.5,6.7,22.1,47024,15.8
208,9.7,9.2,25.3,37968,21.7
182.9,20.8,6.3,15.6,51340,15.1
198.7,10.2,7,19.4,47382,17.6
209.6,8.6,6.3,18.1,44139,18
205.7,20.8,11.9,17.9,32889,29.7
186.5,14.3,7,18.8,58818,12.3
181.9,7.8,16.9,24,26732,41.4
186.4,9.3,8,30.3,30636,29.4
181.5,11.5,12.2,26.1,34522,31.1
193.6,20,10.3,25.8,35468,27.9
199.7,15.9,8,22.5,40877,23.6
180.7,10.2,4.7,18.4,51304,16
188.2,9.7,8.3,21.7,44469,18.3
189,11.6,8.6,22.6,40406,19.8
172.2,8.7,9.2,26,33322,25.3
191.3,9.4,9.6,20.9,36666,24.9
202.5,9.2,10.6,20.3,39561,21.2
233.1,9.9,12.2,20,45615,17.9
190.3,14.9,7.7,18.6,60751,12.1
212.5,5.6,14.4,26.8,35004,24
201.2,10,11,19,47477,16.1
200.6,11.5,9.2,24.5,47225,20.8
217.8,9,6.1,24.7,32683,30.1
198.1,9.4,7.2,21.3,46713,18
200.6,7.9,12.2,25.3,42075,21.8
177.7,20.3,7.6,18.1,63441,11.2
207.1,13.4,10.7,23.6,39927,22.5
142.5,7.1,15.6,23.1,27522,32
213.2,9.8,5.5,20.1,49044,20.9
220.2,8.2,7.7,24.5,38998,22
180.3,9.6,8.5,21.8,45331,18.3
204.5,13.6,7.5,15.8,46682,13.9
224.8,8.3,15,29,29749,29.1
205,11,7.6,25.1,36003,22.2
182.8,14.1,6.5,17.1,51550,20.5
195.6,6.8,11.9,16.2,33959,22.5
148.2,14.8,8.5,18,53679,24
227.5,7.9,6.3,22.2,36644,26.8
188,13.9,7.2,20.8,46701,15.4
188.2,12.1,7.5,24.2,36066,20.1
173.3,27.3,5.4,14.6,61436,10.8
167.5,16.4,7.7,21.1,41035,15.8
165.4,20.1,7.7,18.1,45807,12.9
193.2,15.3,7.7,18.9,45556,13.8
169.4,20.6,5.7,18.6,50002,13.9
170.6,18.7,4.2,18.2,47905,11.7
189,11.9,9.2,23.8,40120,16.1
187.5,15.6,7.8,20.7,42728,18
194,11.9,10.5,25.8,36994,20.3
173.6,20.8,5.7,19,55630,10.5
200.2,10.7,9.5,25.4,39001,17.3
180.1,19.1,7.5,21.5,46598,15
216.7,13.6,9.8,29.4,38057,18.5
173.7,20.4,5.9,15.7,55482,11.2
172.2,9.2,10,22.9,39808,18.5
176,22.5,5.9,10.9,86654,6.7
171,20.9,6.9,15.1,67766,9.8
175.2,17.4,7.6,11,92446,7.2
185.6,9.7,8.8,25,49573,16
171.1,20.8,4.6,9.8,84500,5.9
195.5,13.9,7.5,17.5,62198,10.6
186.7,17.2,6.3,11.3,86703,7.2
185.4,12.1,10.4,27,42279,17.5
155.6,23.2,5.8,10.4,83698,6.5
154.8,10.2,7,23.2,47441,12.4
169.9,20.2,6.4,11.9,79403,8
131.9,30.7,4.9,8.2,106871,6.1
180,16.4,7.2,22,53288,13.8
120.1,26.6,6.1,11.5,97279,7.2
172.7,18.1,8.7,16.3,71904,10.3
173.8,21.6,5.3,13.5,80650,7.5
181.5,17.6,4.8,12.3,84686,8.6
216.5,9.1,8.2,30.8,38376,25.5
161.9,18.2,6.7,16.2,54836,11.7
181,12.3,8.5,20.5,54606,13.8
204.3,16.3,8.8,21.3,51927,16.9
186.8,18.8,9.9,21.1,55691,11.9
226,15.3,13.1,29.6,41895,23.3
163,23,7,18.9,64150,8.9
157,17.8,8.9,22.6,49890,13
189.6,7.9,4.4,17.1,53244,14
158,15.4,5.1,16.4,55139,15
139.1,11.9,6,28.6,37935,32.3
173.1,9.5,6.6,21.9,44110,16.8
193.7,13.4,3.9,13,52548,12
184.8,14.4,6.1,17.3,43379,19.3
181.5,13.1,7.5,18.5,39377,15.8
167.3,6.4,11.5,34.1,29782,38.8
152.8,13.5,5.8,12,62752,11
182.9,9.3,2.5,13.8,55493,13.5
180,12.4,7.5,16,59904,10
167.6,12.2,8.9,17.3,42753,15.4
158.8,10.6,8.1,16.6,60738,11.4
191.1,11.7,5.6,17.2,41872,16.4
112.5,5.3,12.2,29.1,33291,32.6
126.3,7,12.2,35.5,26336,31
168.7,14,3.8,8.2,50818,9.8
137.3,15.1,6.3,10.5,56313,11.6
104.1,23.9,5.5,10.8,51735,14.2
155.9,10.7,7.4,14.4,47340,15.7
119.3,24.1,4.2,9,70797,7.2
155.5,11,5.2,9.4,61976,11.6
113.2,9.7,5.7,12.5,49709,12.9
105.4,13.2,8.6,11.6,45666,12.2
179.8,17.4,7.1,14.4,43344,15
131.1,18.7,10.5,15.6,43615,22.1
136.9,11.5,3.8,13,55204,11.4
129,15.5,7,13.5,48456,11.8
131.6,15.4,4.3,15.2,52623,12.9
138.7,24.8,6,8.5,82597,4.6
166.4,15.2,6.2,17.4,56772,10.3
130.9,20.8,5.8,11,62536,11.9
123.9,11.2,8.4,25.1,40590,29.2
156.7,12.7,8.3,12.9,44644,17.1
154.2,10.2,5.9,14.8,48622,12.1
123.6,30.6,3.2,6.8,92560,6.8
146.7,16.8,7.1,8,64193,8.1
133.2,11.8,5.1,10.2,65489,9.6
120.4,25.8,5.5,9.2,60957,12.6
114.5,22.5,4.7,9.3,65207,7.1
124.8,17,7.7,17,50169,12.9
129.3,17.1,2.1,9.7,42366,14.1
134.2,15.9,6.3,11.9,59293,12.3
173.3,20.5,5.8,22.8,59089,9.5
176.1,21.5,5.7,28,44674,14.4
184.3,16,7.2,29,45029,13.9
159,29.6,5,15.6,61908,11
171.3,10.7,9.4,29.2,35570,19.6
187.8,15.4,4.9,23.2,59184,9.1
206.1,20.4,7.4,22.9,60081,9.1
173.7,24.3,4.3,23.8,49142,12.6
175.5,18.1,4.5,23.3,53025,12.8
172,14.4,5.6,32.5,42089,16.2
178.8,18.1,6.6,24.2,44888,13.5
165.8,23.2,4.8,20.4,58673,11
183.7,20.2,6.8,26.7,49616,12.9
160.4,19.8,5.1,22.4,51513,12.1
216.2,11,6.8,18.4,38390,19.4
143.8,25.4,3.8,8.9,67083,9.1
189.5,9.9,5.1,18.9,45454,15.8
216.5,11.4,5,15.2,51738,12.9
183.9,12.2,6.6,18,43998,13.7
178.9,10.1,6.6,18.7,44397,15.1
136.5,34.5,3.7,4.2,107143,8.5
167.1,14.7,4.7,13.1,57808,9.8
173,12.6,6,9.8,43852,11.5
220.5,10.6,8.7,16.5,42624,14.1
148.7,17.7,4.6,11,63646,7.8
165.3,7.5,10.5,22.5,37344,21.9
175.8,6.7,10.6,33,32083,23.2
191.8,7.6,11.2,20.2,38731,22.8
160.1,12.3,6,15.5,46663,14.5
201.8,12.9,8.6,16.4,56099,11
172.5,10.5,6.7,19.4,38474,17
214.2,7.2,8.2,18.4,49768,13.1
182.2,9.2,4.9,22.7,36339,20.7
165,22.9,6.8,10,72972,8.3
197.4,18.1,6,9.9,70281,8.2
169.4,11.8,4.1,19.8,46551,12.4
187.1,14.9,7.3,13.2,62394,11
179.2,10,10.1,21.5,41409,19
218.9,6.5,8.4,27.3,32103,21.3
185.4,9.7,9.7,15.2,52288,12.1
183.4,9,8.5,17.2,48277,14.5
126.9,30.9,4.9,6.6,110507,6.7
162.9,20.5,5,9.3,89106,7.4
138,12.1,5.7,16.4,43355,14.1
176.5,19,5.2,10.6,64258,7.9
162,13.1,6.2,17.2,47419,16.3
185.3,18.4,5.2,11.3,65485,7.7
189.4,9.5,4.8,13.3,45979,13.5
200.4,14.1,4.7,9.7,58900,9.7
153.4,24.3,5,11.1,86610,7.5
196,7.1,9,26.7,31893,19.9
156.5,15.7,7.4,13.8,61762,9.6
174.7,4.6,6.4,20.2,36459,25.1
178.3,10.1,7.5,21.8,39079,18
163.7,23.6,4.4,8.6,81940,6.1
169.1,25.2,6.7,12,62446,11
147.7,9.7,13,25.7,44490,24.9
190.6,10.8,14.6,28.4,36333,24.3
169.9,8.1,10.9,20.3,49995,19.4
148.4,19.8,10,23,55686,18.7
147.5,9.4,7.5,33.1,43171,22.3
135.2,31.4,5.7,12.5,94549,8.8
147.6,13.8,11.6,18.6,47781,16.2
167.5,15.7,12.2,31.5,42840,18.8
162.9,8.7,16.2,32.3,43818,24.8
160.8,13.2,8.6,28.4,39172,20.2
102.1,23.1,13.4,17.3,59181,11.3
192.7,7.5,17.6,26.5,34971,25.4
195.6,10,9.7,21.8,34445,21.2
140.8,14.2,8.4,23.1,57428,17
170.2,21.6,7.5,14.4,71063,9
144.9,21.6,9.8,17.3,57118,11.4
143.8,24.4,7.6,18.3,76061,12.9
153.4,24.5,8.3,11.3,75689,8.3
167.2,13.3,15.2,20.7,47964,14
154.6,13.4,12.9,24.2,56877,17.1
168.9,19.1,11.8,21.6,55803,18.1
150.4,13.4,12.2,20.5,68166,14.1
168,12.3,12.6,26.1,51951,20.4
187.9,9.1,7.3,19,39922,17.2
157.1,22.1,8.7,16.8,66034,14.7
145.1,32.6,6.8,15,83788,12.1
168.9,12.5,13.7,25.8,51527,20.7
149.4,20.8,6.6,13.9,61775,14.5
140,27.1,6.7,13.2,100806,7.5
142.3,19.2,8,19.2,62116,17.4
135,26.1,7.7,14.2,97219,8.5
145.4,23.2,7.6,17.8,64257,16.1
192,12.8,10.3,25.5,43661,14.7
158,14.8,8,25.5,47293,13.8
189.1,10.8,10.9,18,41940,22.4
192.6,15.5,12.7,28.7,38641,21.1
176.7,17.6,11.4,18.1,67106,12.3
163.1,21.4,8.1,16.7,66949,11.3
164.9,11,15.2,27.7,50917,18.1
155.1,12.1,13.2,26.9,51827,15.2
174,9.6,13.2,28,40782,18.2
189.4,15,9,30.2,34961,19.9
155.2,9.5,12,35,42360,28.1
159.9,13.7,12.9,21.3,49476,14.3
146.1,20,8.6,17.1,74967,11.5
217.4,8.2,16.4,32.8,26602,35.2
158.9,19.7,9,16.2,54509,19.5
182.8,9.9,14.8,29.8,41403,21.6
162.4,15.2,7.9,20.1,59316,12.9
165.7,14.3,10.4,28.6,38140,22.5
140.1,26,7.2,15.3,65359,11.2
105.2,23.5,8.2,23.6,44508,14.7
188.6,14.3,4.5,30.5,36294,20
176.2,4.8,8.3,33.2,35424,32.3
124.1,31.8,6.1,11.8,71546,13.3
158.4,32.8,5.5,9.5,85885,4
170.6,6.3,7.7,20.6,36241,24
140.8,21.3,5.9,20.2,48840,12.4
124.5,17.3,9.3,16.8,52273,13.4
139.4,25.9,5.4,11.8,69115,8.5
138.1,14.5,9.7,30.1,33998,22.9
116,8.3,14,31.2,27882,28.5
110.7,7.8,27,37.2,32570,40.5
160.8,21.9,14,24.2,48368,14.9
163.5,12.7,11.7,23.6,45283,15.6
163.7,27.3,6.3,21.1,54872,15.9
122.2,16.9,4.6,24,44235,15.4
193.8,13.4,8.3,14.4,54298,14.4
128.4,37.8,4.1,5.6,107250,3.7
80.8,34.8,4.4,8.6,76661,7.8
148.3,22,6.7,10.8,83603,5.9
148.5,21.9,8.4,15.6,59286,12.2
166.2,9.4,9.2,27.1,41385,19.1
126.4,19.6,6.9,14,62529,10.2
129.8,20.1,4.9,11,64752,7.9
123.2,26.9,5.7,14.5,59379,10.4
102.6,40.4,7.8,13.4,48940,14.9
151.5,14.9,15,22,32750,22
141.7,26.4,5.9,12.2,70687,8.3
200.9,13.3,2,18.9,42310,13.5
161,9.5,5.9,22.5,46394,14.9
152.5,20,5.7,20.1,46765,16
129.3,27.3,5.2,12.7,60658,10.7
134.1,27.6,6.7,13.3,57659,12.8
162.2,10.5,9.2,24.7,39625,17.4
147.4,11.6,6.3,25.9,41248,18.3
150.7,9.8,9,22.3,45439,17.7
153.9,17.7,8.7,20.2,50106,15.4
201,10.1,9,19.9,39904,19
164.1,11.1,5.9,17.2,56193,11.2
147.9,15.4,9.5,25.4,44163,16.3
151.4,15.3,10.2,24,46336,15.5
162,8.9,6.2,21.9,47631,13.4
150.9,10.7,10.7,32.3,33043,26
106.1,30.8,6.7,13.9,57242,9.6
137.9,20.4,5.6,15.2,58487,9.4
136,14.8,5.3,18.8,47006,11.5
59.7,42.2,7.7,9.6,73274,7
173.9,16.6,9,21.9,57732,12.4
160,25.1,5.2,19.9,61259,9
161.5,22.3,7.7,21.4,70074,10.7
153.9,18.8,6.7,19,53953,12
180,15.6,10,29.2,49072,17.7
164.4,21.6,7.2,15.3,57737,15
159.6,26.2,6.1,13.9,84026,8.9
146.9,26.2,3,17.1,82596,7.1
160.9,28,6.9,12.1,90039,6.5
176,22.1,7.9,17.4,74576,8.5
178.6,23.2,8.7,26.3,54280,21.5
171.5,21.3,7.8,19.4,65217,11.5
177,9,12.2,18.7,36377,17.5
154.2,13.1,10.8,18.6,45308,15.5
166.7,14.5,6.1,17.4,54232,11.4
179.3,10.1,9.3,18.2,38121,16.8
167.7,15.8,9.7,21.8,45743,13
202.3,7.3,12,22.2,36460,19.9
182.5,8.8,8.1,17.3,41624,15.8
155.7,12.4,7.9,16.5,57235,10.2
182.3,12.5,9.7,18.7,46061,16.8
179,13.6,8.4,16.9,48846,11.8
179,15.5,9.4,20.7,44145,17.7
170.7,9,7,19.2,46371,15.2
187.7,13.6,10,20.6,45916,15.4
181.6,11.5,9.7,20.1,48030,14.8
167.7,16.9,7.8,16.7,47991,12.6
184.5,11.8,13.9,23.3,41930,16.1
169.7,11.4,5.7,18.1,51175,11.3
157,15.5,4.7,15.3,58419,8.9
195.8,14.1,7,21.4,39408,15.6
173,9.1,5.6,20.6,47985,14
164,15.6,5.5,14.3,56365,10.6
174,9,7.1,21.4,45158,13.1
188.1,16.3,9.7,18.6,53945,15.4
126.7,11.9,4.7,13.9,56160,8.9
160,19.5,5.4,13.7,49790,12.6
166,12.2,3.6,14.9,52260,11.7
165.9,10.3,8.2,23.3,40968,15.9
184.4,10.9,6.1,15.5,48881,10.9
165.9,14.2,5.7,16.3,48430,10.8
153.9,16.1,5.7,14.8,54400,9.9
182.8,9.9,7.5,19.9,43701,13.4
217.8,9,7.6,19.1,43661,13
228.8,10,14.8,33,36774,29.1
189.9,19,9.3,25.9,42946,22
179.8,12.4,6.5,17,52978,14.4
184.3,10.4,5.5,17.3,52776,10.5
185.3,15.5,6.3,17.5,49040,12.6
153.4,19.7,3.9,13.5,59377,10
161.9,30.3,4.5,9.5,77364,5
163.1,12.2,4.6,15.7,53828,12.1
149.8,19.1,3.6,12,68471,10.8
168.1,13.3,6.8,18.8,52411,11.2
155.1,19.6,7.2,12.9,52075,15.4
170.1,12.2,4.6,21.8,42659,13
166.8,15.7,8.4,17.9,54782,13.1
168.7,10.7,4.8,18.9,44026,13.5
186.8,13.4,8.5,19,51237,14.9
195.2,10.1,5.9,25.3,39999,16.9
163.8,22.8,4.6,10.6,75920,4.9
176.8,15.3,5.5,17.2,50243,11.9
208.5,14.6,9.8,27.4,40701,17
168,10.5,5.4,19.1,47841,11.2
166.9,16.1,5.8,14.3,55335,9.1
131.8,9.3,5.5,17.8,48683,11.7
161.1,13.2,3.6,14.9,50266,12.2
168,13.5,4,16.5,46943,18
177,16.7,8,22.5,41211,14.8
185.6,17.3,7.2,15.5,52852,13.7
209.5,14.1,6.6,22.4,42079,13.4
153,20.9,4.5,11,69346,5.9
155.3,27.5,4.2,9.8,76584,5.8
189.4,12.6,5.7,16.7,52850,10.4
181.1,9.8,7.2,19.3,46835,13.9
172.9,18.8,4.7,15.1,52711,12.1
156.6,12.9,6.6,18.7,51003,11.3
128.4,27.7,4.7,9.1,42838,24
159.8,14.5,4.4,14.6,50437,10.7
215.9,14.7,4,8.8,79358,7.1
151.5,13.6,4.3,13,58225,12.3
196.6,12.4,5.1,12.8,63166,9.3
152.2,12.8,4.1,12.6,59701,8.4
169,14.6,7.8,18.3,48624,14
159.5,14.1,6.8,16.1,45721,14.3
163,13.1,3.3,16.5,44427,10.9
147.8,16.5,3.6,12.2,51434,9.7
156.1,17.8,5,12.2,57192,10.8
143.3,15.7,6.4,10.6,63575,9
168.2,14.5,5.1,13.4,57427,10.4
180.6,17.5,1.6,13.3,45251,14.7
152,17.5,3.8,13.1,55354,10.8
141.5,14.7,2.4,16.4,49713,13
168.7,19.3,3.4,12.7,54716,9.9
126.9,17,5.4,8.6,77222,6.8
141.1,13.8,5.4,11.3,72604,9.8
136.9,37.8,2.6,5.5,75348,7.7
132.8,13.9,4.4,13,56800,10
182.3,15,6.8,13.9,50802,12.6
182.6,12.9,5.2,12.4,55520,13.2
157,10.5,8.9,21.3,36544,20.5
210.5,7.6,9,22.5,44811,17
171.2,5.6,12.6,23.3,39615,23.6
225.1,9.9,9.4,23.9,33650,24.8
179.8,13.3,10.1,19.4,46288,19.8
206.7,13.2,9.7,20.2,41010,18.8
175.5,16.1,10.3,23.8,38454,23.6
239.7,8.5,19.2,38.7,22640,44
220.9,7.8,26.8,39.8,25562,40.3
257.8,4.4,11.6,32.7,37096,39.5
193.2,8.8,9.3,22,38366,17.2
193.7,12.1,9.1,18.2,48018,15.6
194.1,9,7.9,28.8,35019,22.7
199.1,6.6,15.9,33.4,26408,38.5
216.1,9.7,12.9,28.4,28271,29.8
178.6,10.4,7.4,27.6,37367,24.4
171,7.9,10.1,27,33015,28.2
168.3,21.7,8.4,13.6,40797,25.9
163.5,23.5,8.5,16.9,51389,14.2
161.9,12.1,9.6,23.2,38869,21.7
211.9,8.5,10.8,22.2,38471,22.3
236,8.4,10.5,25.4,32239,27.1
249.7,14.1,7.8,21.8,43374,19.4
234.6,11.5,16.3,35.6,26439,40.1
212.5,9.3,7.5,22.4,36118,21.6
185,14.2,12.6,21.7,39937,23.6
292.5,26.7,5.4,13.5,66671,13.1
205.5,8.7,10.4,27.1,33428,30.4
213.6,9.6,8.4,26,37554,21.5
174.3,9.9,10.9,22.9,36810,20.1
194.5,10.6,8.5,28.3,31963,24.7
181.3,9,9.8,22.6,37686,20.7
185.3,10.6,10.6,21.6,35185,22.3
204.2,7.3,19,30.5,28730,31.3
147.8,21.7,13.3,14.3,34429,29.9
224.4,10.7,10.3,27.7,34526,25.9
208.6,9.6,12.1,21.3,38465,19.3
202.6,6.1,12.9,24.1,32459,22.6
215.8,10.1,9.5,28,30078,30.5
180.8,9.5,6.6,21,40198,17.7
203.2,6.9,10.2,27.1,34794,22.3
254.5,9.5,25.3,37.1,26204,36.2
157.3,18.7,5.4,13,58368,11.1
211,7.7,13.1,24.9,32049,26.9
215.1,16,22.1,32.7,27877,37.4
183.7,8.6,10.9,27.6,34338,25.9
200.5,8.2,4.8,24.5,38975,20.8
214.2,10.4,9.7,23,41136,19.5
230.1,9.5,20.1,32.2,29227,34.8
235,5.2,19,27.6,28456,37.4
215.5,11.3,10,20.6,40975,18.5
175.7,7.4,12.2,22.7,37026,19.1
184,7.2,10.5,22.7,35550,17.7
236.9,12.3,12.4,29.6,30689,27.9
149.4,8.1,10.7,22.7,37667,15.9
202.5,6.6,11.1,24.7,31607,26.4
192.1,13.9,8,21.7,40397,21.7
241.1,12.3,21.7,32.4,30292,35.1
209.4,8.8,9.4,29.7,35425,24.7
214.5,12.1,11.2,23.5,34073,22.1
219.7,10,9.7,32,27596,32.5
181.7,12.3,12.3,25,34403,26.3
235.8,5.5,5.7,25.7,34494,23.4
207.4,9,19.8,33.5,30313,34.6
162.6,15.2,7.9,13.2,35425,26.9
156,14.4,5,12,56309,10.7
222.4,15.8,4.3,13.7,45997,12.2
196.1,7.4,8.8,18.2,41302,17.2
172.8,9.5,11.4,20.2,38139,20.2
172.5,12.1,6.5,21.8,37581,19.1
211.1,7.7,6.6,17.1,41462,18.4
209.6,7.7,10.2,25.4,33236,19.5
190.4,7.4,4,23.3,39033,20.1
166.2,26.8,5,9.9,50305,19.5
189.9,13,7.5,17.9,45431,17.8
220.7,9,9.4,23.6,35774,21.3
199.3,13.4,5.2,16.6,43111,16.2
180.1,14.3,5.1,12.4,49384,14.2
152.7,13.6,9.1,19.7,44410,17.5
170.3,18.1,6.3,13.8,47705,17
197.3,9.8,8.9,16.8,39017,16.5
255.8,7.2,9.7,26.6,32170,24
182.5,16,6.7,13.2,60970,10.5
172.7,9.4,10.5,22.3,33631,21.4
166.7,9.6,3.8,17.1,43049,12
146.6,17.9,6.4,16.1,51831,11.3
228.4,9.1,4.5,16.1,43298,15.7
176.4,21,6.1,10.3,61598,9.1
196.5,12.6,5.8,13.3,51221,12.4
168.6,21,4.9,13.1,51885,13.3
179.9,13.9,5.7,14.4,42166,14
206.8,7.8,12.7,24.7,37379,20.7
194.1,9,7.9,25,37173,18.5
179.1,9.8,13.2,23.1,34987,21.7
206.3,11.4,5.7,15.7,41610,16.8
123.4,9,6.8,17.4,42174,18.6
200.1,8.4,9.2,25.3,34411,21.6
166.5,5.8,9,25.3,31805,23
230,6.9,8.1,28.1,31486,29.8
180,11.7,7.2,16.5,51978,11.8
136.2,17.4,1.9,12.6,50886,10.4
134,20,2.4,12.8,45341,12
197.8,14,7.3,17.9,60279,10.9
150.7,14.3,2.9,11.4,58543,8.3
156.9,20.4,2.1,10.5,52795,10.8
155.4,11.3,3.5,15.8,39732,16.9
164.2,11.1,2.3,17.6,47709,12.8
194.7,13,3.7,14,50525,12.9
162.2,17.3,4.4,14.4,55074,12.8
122.6,11.2,3.9,17.8,59596,10.7
127.6,18.4,2.5,9.5,52394,8.8
178.7,12.5,4.4,13,53796,10.3
173,12.7,6.9,11.9,56927,9.4
165.8,11.3,2.5,15.8,44101,13.5
146.8,33.6,4.5,8,76104,6.6
209.6,10.5,1.8,11.1,53484,12.2
129.4,14.8,5.7,13.7,53378,11.2
141.4,17.9,4,13.3,46318,12.8
148.6,15.5,2.4,11.2,53739,10.9
166.5,16.4,5.9,10.6,65549,10.9
164.5,15.6,6.5,12.6,44896,12.7
219.4,10.5,8.3,13.7,44520,14.8
129.1,11.7,3.9,10.7,49852,9.7
182.9,16.6,7.2,16.5,43038,18
161.2,19.3,3.1,10.9,57878,8.8
143.8,14.7,5,15.3,47723,11.9
150.8,11.8,3,12.2,47901,11.1
176.2,16.4,2.8,11.2,53903,11.7
150.2,16.5,5.6,9.5,63924,9.5
151.3,18,2.6,11.3,48645,11.2
208.4,11.2,8.7,19.2,42221,18
193.4,10,3.2,11.6,44774,12.5
165.4,10.6,5.8,15.2,55378,11.1
147.7,16.8,1.7,11.6,54149,9.9
183.5,12.1,4.7,18.6,41527,17.7
128.7,15.5,2.7,14.1,51923,10
109.9,15.2,1.7,17.3,44846,13.5
181.3,12.8,8.2,14.3,52749,12.9
166.2,15.1,4,13.6,38848,12.9
151.2,15.2,5.3,11.3,52744,10.4
182.5,12.7,1.9,15.2,47351,13.9
171.1,15.5,4.3,15.5,45856,11.4
153.9,21.2,3.7,10.7,65373,10
177.9,18,5.6,15.7,54701,10.3
177.8,18.6,2.3,12.4,44932,11.8
172.6,13.8,5.7,15,46533,15.8
154.1,13.4,3.8,15.4,42381,12.7
173.6,14,5.5,15,49152,14.7
154.3,24.1,5.8,6.5,46468,20.2
164.7,14.1,4.1,15.9,48383,12
114.3,12.8,5.6,13.6,43083,12.1
151.9,13.1,6.9,16,45443,13.3
175.6,15.2,5,14.5,48460,13
160.5,15.7,5.8,6.3,56032,8.3
171.5,19.7,6.9,15.3,51175,14.7
164.4,8.5,9,17.2,47381,15.7
171.6,18.7,6.8,14.5,52795,15
143.1,15.9,1.2,16.1,52300,10.9
161.6,9.8,4,19.8,43100,16.2
157.6,13,3.2,15.4,41303,13.5
126,17,2.6,19.8,45945,14.1
127.9,16.4,2.4,11.3,56591,11.5
148.2,12.7,3,11.8,59773,9.7
170.1,14.1,7,14.5,52476,13.3
154.5,18.6,2.7,11.3,50639,11.3
177.9,18.5,1,6.1,46859,9.9
150.3,16.1,6.2,9.3,59160,9.6
175.5,19.6,5.4,11.2,49109,12
172.4,13.2,3.1,13.7,43264,10.8
177.6,12.5,3.1,12.9,53447,11.5
171.1,9.9,6.5,21.3,39764,16.7
293.9,12.7,4.6,17.5,35502,18.4
221.8,10.7,11.2,23.6,37087,24.4
200.2,9.3,7.7,23.8,31558,26.3
195.1,7.7,9.2,20.2,39801,19
202.2,11.4,6.9,12.9,54331,11.3
191.3,8,6.2,23.7,44732,16.8
192,9,7.6,22.7,37666,19.5
238.5,9.1,14,29.7,34126,22.7
223,5,11.6,39.6,24868,33.5
175.7,20.1,5.6,10.4,66939,8
176.5,10.9,9.9,18.3,42812,19.2
198.2,10.3,10.5,23,40224,23.1
179.1,11.8,7.1,21.7,41538,17.5
236.8,9.2,8.3,22.3,41910,18.6
232.3,5.1,12.4,40.6,28647,33
199.5,5.1,11.5,21.1,41547,19.2
174,9.2,7.6,13.8,54924,12.3
202.9,4.5,6.1,27.6,35219,20.6
224.7,7.7,8.7,24.2,42640,18.2
195.3,16.1,9.1,16.2,37705,20.2
198.6,18.2,6.8,14.9,52349,13.2
213.4,7.9,6.8,26.7,40701,17
217.3,6.3,13.2,25.2,43615,20.4
232.1,7.9,11.1,26,34991,23.9
254.3,5.1,9,28.9,29344,30.6
183.6,10.4,12.7,19.3,36736,21.6
210.6,13.8,7.9,20.9,49012,16
266.2,5.3,15.9,41.9,25215,38.2
202.4,9.6,9.7,25.4,39184,20.9
205.8,8.4,10,21.1,35664,20.6
160,13.7,10.8,27.1,41382,19
150.7,14.3,4.2,15.9,63184,10.9
136.5,14,8.1,26.6,40593,18.3
125.2,34.2,4,10.1,66846,8.4
145.4,17.9,9.7,32.4,31227,29.9
97.9,39.7,5.8,12.6,59603,9.9
133.8,14.7,6.4,22.7,44562,13.9
87.6,32.3,4.7,8.7,68352,9.7
145,18.6,8.2,19.4,62380,9.5
118.4,12.6,5.1,19.4,45784,11.4
198.2,7.4,9.8,21.7,33881,23.1
150.7,17.8,6.6,16.3,61501,10.5
184.3,14.7,2.5,21.3,46838,14
142,25.7,9,15.7,85336,9
157.5,20.5,9.3,19.5,65809,12.2
151.2,19.5,7.1,15.5,73413,7.7
154.9,22.2,6,12.7,76365,7.9
169,18.4,9.5,20.6,60387,13
162.6,17.7,8.3,17.5,65813,11.1
152.3,21.4,6.8,11.8,78653,7.5
172.2,13.9,9.3,21,57547,10.3
212.4,6.1,8.3,22.7,39546,18.1
200.3,9.3,11.2,24.4,34425,23.9
190.7,14.1,8.4,20.5,54271,14.1
177.2,20.6,7.4,17,64632,12.3
168.7,13.5,8,23.1,53316,13.9
182.3,23.3,9.6,21.7,69992,18.4
182.4,21.5,7.9,13.2,44325,21.6
206.1,7.5,8.9,19.4,47121,19.6
191.5,14.4,8.6,19.6,44800,15.6
209.9,7.8,12.4,20.6,39980,22.6
181.2,16.9,10.9,18.3,47973,14.5
157.6,19.8,10,19.1,51485,14.5
154.5,7.8,20.4,32.2,26504,33.2
174.7,8.2,10,25.9,35256,22.3
149.8,13.1,10.8,20.1,43242,11.9
184.3,11.1,13.1,24.4,36383,20.1
182.6,16.7,10.7,14.9,58539,10.9
123.2,19.8,7.8,19.3,58403,14.3
203.3,9,14.8,25.5,38484,21.7
160.4,6.8,9.4,30.9,36945,29.7
195.9,6.1,7.2,28.7,32121,27.1
189.2,18.7,10,19.3,46013,18.2
186.7,16.4,9.4,18.2,46139,15.3
197.7,9.9,13.3,26.8,33315,28.1
174.6,15.1,9.3,17.9,51556,11.6
216.2,10.1,9.4,20.9,36788,25.3
184.7,10.4,11.2,24.8,35849,25.6
209.2,7.7,10.4,22.5,40788,19.8
135.3,5.8,12.9,24.1,38783,21.1
189.1,11.5,10.2,18.9,38419,23.1
188.4,7.2,15.8,28.4,31734,31.7
161.9,7.4,11,34.9,35371,29.9
163.7,6.3,11.9,27.2,38494,25.3
178.1,10.6,13.7,25.8,40094,15.3
194.1,9.4,8.1,22,39930,17.3
161.6,10.7,13.3,25.3,35787,19.5
168.9,19.5,9,19.7,50758,16.8
191.5,7.3,15.4,26.2,35651,26.7
167.3,16.4,12.2,20.6,47548,14.7
173.5,11.9,9.4,19.9,40205,18
208.1,7.8,14.6,22.6,38071,25.6
171.3,14.3,9.7,20.3,46895,13.8
142.1,16.2,10.1,20.9,49147,16
155.8,25.3,10.6,12.8,45463,23.3
189.6,13.3,8.3,20.7,40124,20.1
232,7,11.1,26.3,37433,21.2
220.4,6.8,10.2,20.3,38473,24.7
166.9,6.9,11.8,24.6,33017,27.7
146.7,16.8,8.6,19.3,51673,14.1
183.4,11.7,12,25.2,39860,17.8
146.5,19.8,9.7,17.8,55472,12.1
137.3,17.1,10,21.8,42754,20.4
168.5,19.2,6,15.2,57411,14
176.3,15.1,9.8,16,56728,11.7
182.8,17.8,6.9,14,55952,12.4
211.1,7.7,10.1,16.7,36923,22
203.3,7,11.8,29.2,37065,25.9
161.7,20.8,9.1,17.6,47069,18.2
155.6,12.7,9.8,23.1,42945,19.3
144.3,21.1,9.5,19.5,52225,14.9
176.4,14.2,9.4,21,45219,14.7
165,18.8,8.4,20,45162,15.2
168.1,12.8,10.6,24.1,42768,18.1
211.6,7.7,12.6,28.5,32054,28.5
149.9,27.6,6.7,11.9,66560,8.2
162.4,12.8,12.4,24.5,42722,17.3
186.7,18.6,9.1,18.7,44852,19.5
190.7,17.9,7.9,14.6,58587,11.2
146.4,19.3,8.2,17.2,52109,10.8
160.8,23.6,9.4,15,56443,11.8
142.9,16.3,9,21.8,51907,10.9
198.7,8.8,11.1,27.4,38177,23.7
198.5,5.4,9,20.6,36374,23.4
362.8,5.5,11.7,22.5,40207,24.3
178.3,14.1,9.1,20.2,40881,17.7
209.3,11.6,9.3,17.7,51642,15.1
169.8,18.6,4.5,11.6,68421,7.7
206.1,12.5,6.1,20.7,44402,16.5
207.3,14.9,7.9,22,38027,20.6
225.5,9.4,8.9,26.4,29652,26.8
258.7,15.3,2.2,20.5,41800,18
169.2,19,4.9,12.4,58205,12.6
195.8,9.4,9.1,22.3,36566,20.9
186.9,14.1,8.6,16.5,46071,18.6
192.4,12,9.2,21,41469,17.8
205.3,9.9,6.4,18.8,36953,19.2
210.2,10.5,5.7,21.3,46614,15.8
205.2,18.3,3.7,13.4,45574,15.9
182.4,11.6,9.2,23.5,36424,18.8
202.1,17.6,2.7,19.1,50348,12.4
186.6,15.8,5,18,52032,12
184.6,14.5,5.6,18.7,49136,14.5
227.9,10.1,4.4,17.9,40774,19.2
193.7,12.7,4.3,17,51199,12.1
174.4,17.9,3.6,13.7,49774,12.3
174.7,10,4.4,16.4,34872,25.2
223.9,15.5,8.7,23.8,33750,24.8
159.7,13.2,1.6,17.7,49204,10.6
200,8.7,8.7,25,35313,24.5
226.9,8.2,7.1,23.3,34837,23.4
209.2,12.8,7.6,18.3,41370,17.2
231.3,8.5,6.5,26,32645,23
215,10.2,6.7,26.6,35977,20.1
203.1,13,7.8,21.4,41514,18.2
174.7,13.6,3.6,15,59525,10
226.1,13.2,5.5,22.7,36699,19.1
191.7,8.4,7.8,20,35522,20.7
214.4,8.5,9.4,23.7,36627,24
198.3,9.1,7.1,20.1,46083,14.9
160.2,17.7,6,17.4,55602,13.8
200.2,10.2,4,20.1,52662,12.5
175,16.6,3.9,13.6,58392,10.2
202.4,9.2,8.3,29.1,34964,20.9
202.4,9.2,10.8,24.9,33450,22.4
182.3,12.7,5.4,16.3,54107,11.8
196.9,8.3,7.6,23.1,38517,18
202.5,11.3,7,22,41806,17.6
203.3,13.3,3.6,18.6,43783,15.1
211.7,13.2,8.2,23.2,41015,22.2
181.6,17.1,5.9,16.2,46874,13.4
189.7,10,8.4,21.4,39706,16.1
237.1,7.7,9.6,27.5,34172,25
186.1,19.8,6,18.7,48226,17.9
214.1,10.6,10.4,23.8,38183,21.5
173.6,11.2,7.1,18.7,48014,16.6
229.7,9,9.4,25,35580,22.1
213.8,11.9,6.3,20.3,43476,15.4
177.4,21.1,6.3,14.1,41037,23.7
195.8,10.8,6.2,20,39900,21.7
195.7,16.7,6.2,20.2,41423,17.3
190,12.7,6.8,20.5,45710,17.5
226.4,8.4,10.6,26.7,32215,23.1
153.2,14.9,0.8,13.2,56139,12.3
174.5,16.8,5.5,13,56465,10
208.9,8.9,8.4,24.8,35964,24.7
214.9,9.4,9.8,27.3,35592,27.9
189.1,12.8,6.6,19.4,42967,15.5
153.1,14.9,3.5,12.5,49780,13.6
166.1,11.9,7.1,24.1,35274,23.8
183.9,20.7,6.5,17.3,50507,14.8
177.5,16.2,6,16.7,58921,9.8
185.2,18.5,5.3,15.5,49056,13.9
186.9,15,3.5,18.2,47391,13.9
125.3,16.9,2.8,12.1,48831,14.3
155.7,11.9,5.1,15.4,56067,12.3
169.5,13.1,10.1,22.3,38966,20.6
155.6,29,8.6,14.8,54089,18.9
160.2,21.5,8.3,13.5,65555,9.5
180.2,14.6,7.6,19.4,45132,15.4
185.7,12.4,9.8,17.3,57517,12
200.3,11.4,11.7,23.9,39956,19.8
144.3,10.5,13.5,26,38155,18.3
189.8,14.7,11.3,18.7,40524,17.1
154.3,20.7,9.4,19.1,52387,13.2
189.2,10.1,12.2,26.6,41504,19.9
174.2,10.3,9.2,14.1,51978,11.7
131.4,10.8,9,22.2,41304,16.8
162.7,9.8,16.1,20.9,36340,21.3
166.7,21,5.1,18.8,54063,14.6
172.4,15.9,10.8,24.4,44835,18.1
163.9,11.3,14.4,26.5,42753,21.2
199.7,10.3,12.3,26.2,37230,20.6
177.9,12.6,12.4,24.4,39234,21.9
139.2,12.1,10.6,25.6,40328,19.3
169.1,17.2,9.9,19.8,44976,18.4
199.9,14,7.9,23.8,40226,18.8
186.5,12,10.6,22.7,44358,19.1
164.4,9.4,11.2,26.2,35094,28.7
168.9,14.5,10.7,22.9,48554,17.7
191.7,7.9,8.6,20.3,51839,16.3
177.1,25.1,8.8,18.1,53519,18.6
165.5,18.1,10.8,18.2,52626,14.1
180.4,12.7,7.9,18.6,53277,14.2
165.1,13.4,7.8,21.9,41662,17.5
181.2,10.1,9.4,23.7,44780,18
169,15.2,7.1,20.7,44841,17.7
141,12.9,3.3,12.8,51754,10.9
162.4,19.2,2.6,7.3,62526,8.5
178,15.6,1.3,11,51470,10.9
170.1,15.2,1.7,7.3,86354,6.9
217.2,6.4,13.4,31,34116,24.8
185,10.1,9.2,19.5,43602,18
189.4,13.1,7.8,15.4,47369,14.6
203.2,8.9,8.9,22.6,39757,21.5
192.1,13.9,10.9,18.6,34216,29.9
189.7,11.6,5,14.2,52650,8.3
185.2,9.4,8.5,18.8,41983,16.1
213.3,8,9.9,21.5,46484,15
189,18.4,7.2,16,58558,14.4
172.8,6.7,7.1,19.6,46177,13.5
190.1,10.7,9.1,17.8,50302,11.3
200.6,11.5,10,23.2,42029,18.2
178.7,18.3,5.5,14.9,62158,11.2
224.3,10.3,9.2,20.3,49453,13.7
178.3,9.5,9,22,42645,15.9
203,8.5,7.8,19.7,41547,18.1
184.6,8.4,8.1,19.7,39881,15.4
187.1,18,10.6,22.5,44138,19.6
179.6,7.7,7.6,18.7,46610,12.2
188.6,11.1,8.4,14.7,53026,11.7
152.1,33.3,3.2,7.5,97802,4.8
193.7,13.4,7.7,16.7,49234,13.9
173.4,17.5,6.9,16.4,59921,9.6
194.3,10.4,8.6,24.3,44947,15.8
181.2,11.5,6.7,14.3,54666,10.5
201,8.4,7.5,24.7,36675,26.1
142.4,23.8,4.1,10,72264,7.8
159.2,19.4,7.6,15.2,59382,13.2
215.8,8.5,11.7,25.7,41940,17.2
185.1,21.5,8.8,20.4,48973,17.6
175.7,16.2,6.9,14.7,51498,12.7
185.1,7.2,9.6,19.1,45195,19
201.4,5.4,5.6,19.3,42582,16.9
162.8,10.2,6.7,14.8,53645,10.2
199.8,7.5,11.5,26.7,41611,19.3
205.9,10.1,9.5,21.6,42374,17.5
147.4,5.3,4.2,11.2,50069,12.4
206.3,8.6,7.2,19.2,47824,13.4
210.9,10.9,11.5,25.8,41161,20
194.7,9.6,8.8,21.6,40148,20
179.5,14.6,6.6,17.2,46908,15.1
182.5,17.3,6,13.6,58697,8.9
201.5,9.3,8,23.4,41608,17.5
188.8,14.9,7.2,17.5,57308,13.5
205.6,10.2,7.6,17.1,50753,17
182.1,14.2,8.8,18.5,52331,14.7
196.2,14.7,11.1,22.4,42344,20.7
197,12.2,5.9,16.1,52996,12.6
190.7,14.2,9.5,24.3,41316,18.9
202,7.5,9.6,23.4,42240,21.3
167.4,20.9,5,11.2,68405,7
206.9,8.3,12.1,27.4,38081,22.6
181.9,9.9,5.5,12.1,52606,8.9
177.8,13.3,7.6,16.3,51868,10.6
188.9,6.7,7.4,20.7,40646,15.7
186.9,15.3,9.4,22.4,42994,19.7
187.9,7.2,9.3,24,37923,18.1
185,8.9,7,16.8,49846,12.1
211.5,9.8,8.3,25.1,41814,19.1
122.5,5.7,7,21,43953,16.3
185.3,13.7,5.5,15.4,50345,10.1
215.5,8.4,6.6,19,47358,12.3
200.6,7,9.5,24.7,43341,17.8
197.4,11.2,6.9,17.1,54868,13.2
217.9,7.1,13.4,31.4,40512,21.9
186.3,16.2,8.7,15.5,52047,14.2
192.7,8.1,7.3,19.6,49516,13
154.6,11.9,3.4,9.1,56519,7.8
186,10.5,8.7,21.1,41948,15.9
203.9,9.3,11.3,24.8,42466,19.2
193.8,9.7,7.6,16.9,46447,14.5
203,8.6,9.6,29,37625,27.2
174,9.4,8.1,18,45003,17.5
167.3,9.7,6.7,14,50774,10.7
176.4,14.4,8.5,18.6,47745,14.9
178.1,19.4,8.4,17.6,50453,13.4
187,12.1,7.4,22.3,43160,17.2
168.7,9.9,7,18.3,46128,13.4
165.7,17.9,4.2,12.8,69900,7.7
172.1,9.4,7.5,18,49565,10.1
184.3,5.8,12,27.4,37633,23.7
160.4,25,6.1,9.6,72973,5.8
186.2,11.8,6.8,20.7,45048,15.7
170.3,13.3,4.8,15.2,50106,13.9
185.1,9.3,7.1,18.7,42214,14.2
173,18,7.2,10.6,54996,13.5
190.6,9.7,6.6,12.4,47905,10
220.9,10,7.9,29.4,31386,27.2
159.5,14.7,4.9,16.4,51885,16.6
151.7,9.6,8.7,25.4,35910,21.8
181,14.6,3,12.9,56664,10.5
182.4,11.6,2.9,15.8,46625,15
180.2,12.2,3,19.9,44309,18.4
191.7,13.5,8.1,19.6,38187,19.1
211.4,11.3,9.5,21.4,39933,23.5
150.3,13.9,9.5,21.3,39743,15.8
185.4,11.7,9,20.9,44010,16.8
145.5,26.1,7.6,13.9,66315,12.5
144.6,10.7,8.5,11.9,33387,23.3
168.6,14.9,9.7,18.9,52903,15.4
165.3,12.6,5.7,11.4,60179,10.8
182.1,22.1,7.1,14,52385,13.1
171.1,10.5,8.5,16.9,44326,13.8
180.2,15.3,6.8,16.8,51041,11.7
151.2,8.5,7.3,15.3,46890,13.6
162.4,15.1,9,17.4,55936,14.3
179.4,13.1,6.4,18.7,43343,15
183.8,11.7,5.6,17.4,47242,12.9
168.7,22.8,7,9.3,77823,6.6
169.7,21.1,5.9,11.2,60851,8.9
168.5,12,8.5,17.6,42703,15.3
159.6,11.7,4.5,18.2,40257,14.2
191.8,9.6,8.6,17.4,49252,13
142.4,21.7,5.1,8.4,51573,17.9
159.1,29.3,5.9,9.3,85613,7.3
179.4,12.3,8.1,16.8,43202,15.1
183,9.2,7.8,21.8,40230,16.5
196.6,11.3,6.1,17.4,44224,17.4
175.2,13.2,5.7,13.7,46938,14.3
191.8,12.4,7.2,19.5,43969,14.9
154.6,20.3,5.6,10.5,62692,9.1
169.1,17.6,7.1,16.2,52967,13.4
187.4,21.1,8.2,14.6,62867,11
189.9,11.6,5.2,16,46965,10.5
182.5,16.9,8,19.4,45476,16.4
198.7,9.7,8.4,21.9,36902,20.2
206.5,5.7,4.8,18.9,37794,21.9
162.2,12,6.9,13.3,50434,11.9
177.5,8,7.5,17.9,48084,13.3
193.5,11.6,6.4,17,49897,16.5
172.7,9.1,8.1,17.9,44531,15.1
151.6,13.5,7.8,13.4,42611,17
183.2,9.7,6.4,17.9,43810,13.3
162.9,8,5.7,13.1,48944,12.3
178.3,16.3,6.9,17,45098,15.4
157.6,16.4,6.1,15,57369,10.5
186.1,13.2,7,20.3,44903,13.2
172.8,12,6.9,15.3,53861,10.9
168.4,17.3,8.5,17.9,58283,12.8
181.1,13.3,7.8,18.1,44222,15.8
178.5,13,7.7,17.2,45211,16
170.4,10,9.1,18.5,44723,16.6
186.7,13.9,6.8,19.2,43559,14.6
168.3,8.2,6.4,18.9,40957,16.3
180,14.9,12,16,59492,13.3
161.8,26.3,6.4,9.6,79576,7.1
152.6,15.9,6.6,13.7,54547,11.2
172.7,17.2,7.3,13.5,61510,10
177.5,9.4,7.2,16,40429,15.9
189.7,10.6,6.3,11.1,54920,8.7
211.7,14.9,13.9,27.6,39037,25.8
157.4,14.7,11.6,16.1,58375,10.6
191.9,9.2,6.9,18.5,40323,14.3
186.6,9.8,8.8,16.6,43169,13.5
159.2,10,5,13.4,49117,13.1
159.4,9.9,6.9,16.4,45706,13.5
186.2,9.8,8.7,13.8,44191,14.4
163.6,10.8,7.7,14.9,49552,12.8
174.7,12,7.4,16.9,47360,16.3
144.9,12.3,6.1,13.8,47996,13.4
199.4,10.7,8.1,20.3,43810,16.2
179.3,11.7,6.6,14.8,44651,14.1
186.3,18.1,6.5,13.3,55796,10.7
179.4,11.7,7.8,19,48663,13.9
175.3,17.1,5.6,14.7,53536,10.1
191.7,12.2,7.6,16.2,55882,10.9
170.2,14.9,7.3,15,58471,10.2
142.2,23.9,6.8,11.1,68246,8
184.1,19.4,8.2,12.6,61923,9.3
164,26.4,6.9,11,69203,9.5
173.6,16.2,9.5,21.3,47278,18.3
162.2,25.8,6.4,11.2,70705,10.4
183.7,8.6,10.7,25.9,35525,21.4
164.3,15.9,9.9,18.8,48537,16.6
197.6,10,22.6,30.1,25530,39.9
177.3,12.6,9.2,19.8,43124,16.7
187.5,12.5,10.9,28.5,30349,29.7
212.1,9.1,14.7,25.6,32205,27
146.9,23.1,7.2,16.8,55427,12.9
175.8,14.7,9.9,16.2,52436,13.7
150.9,11,8.6,18.9,41209,19.3
173.7,25.9,7.7,15,52752,16.8
187.8,10.3,10.6,24.5,38947,22.3
215.6,9.3,13.8,26.7,37537,22.5
206.2,7.7,10.3,26.8,34949,26.4
194.1,9.2,16.2,25.9,32268,27
211.7,8.8,12.4,29,35558,23
206.8,11.6,15.9,24.6,35640,25.3
204.7,6.2,13.2,32.1,30516,29.8
172.9,15.8,8,15,56388,12.8
157.8,11.4,8.9,19.2,44129,17.5
201.9,8.6,12.8,26.3,35490,23.1
195.5,13.9,12.1,23.5,42232,19.5
190.9,15.4,11.2,21.4,44283,19.6
175.4,20.7,7.6,16.5,49659,14.7
183.2,10,7.5,15.8,48140,16.2
160,15.6,5.1,19.2,53203,14
159.3,11.1,5.2,19,47227,16
182.1,10.7,7.2,18.6,46705,17.3
215.5,10.8,5.4,16.9,40796,16.3
131.2,11.8,10,28.9,32215,34.5
182.2,9.9,8.5,23.3,37801,23.9
136.9,15.4,1.7,9.4,58425,8.6
179,9.7,9.2,21.5,39256,19.1
163.3,9.4,4.7,23,42966,19.4
183,13.4,7.8,16.6,77281,10.7
174.1,12.1,6.4,22.5,38465,20.1
192.3,11.6,5.2,18.6,39025,22
167.3,11,6.8,16.3,50993,13.5
187.5,7.4,8.5,21.6,39870,20.7
151.8,14.3,3.1,10.6,41593,14.9
182.5,9.2,8.2,22.8,37497,22.6
187.2,10.9,5.2,21.6,38655,19.3
177.4,14,4.2,16.5,46484,16
158.3,22.9,4.9,12.5,64533,9.2
197.7,11.5,4.5,17.9,38280,19.7
156.8,8.2,2.8,24.3,40837,26.5
169.2,14.7,7,16.8,57378,15.3
184.5,10.5,9.5,10.6,47018,14.8
192.3,11.6,7.5,26.4,32722,20.9
150.1,9.4,5.2,14.8,61098,9.5
165.6,8.9,1.8,15.3,49614,13.7
174.1,9.2,10,28.3,36627,24.1
177.9,9,5.6,21.8,43523,12.4
165.4,8.2,9.5,18.4,41876,20.2
180.8,10.8,5.4,23.1,41499,19.2
184.1,14.4,13.6,21.1,38304,20
167.1,10.7,6.8,18.8,45717,18
151.4,11.4,13.6,17.3,35924,22.1
148,7.2,10.3,30.4,36856,25
202.7,9.6,3.9,21.7,37263,19.4
166.7,5.7,10.9,22.1,35069,26
196.8,10.5,4.4,28.3,36591,19.9
190.1,10.6,5.2,15.8,55555,12.8
122.6,20.8,4.9,15.6,35554,22.5
175.4,14.9,6.5,14.4,61157,11
142.9,14.7,8.4,23.3,40081,23.4
144.8,18.5,4.1,15.6,41914,21.8
151.9,8.8,7.2,19.5,35491,23.7
179.1,10,6.7,19.1,43211,17.1
158.1,11.5,1.8,14.9,49830,10.9
163.3,11.7,7.2,14.1,44519,15.4
173.5,12.9,8,25.2,36898,23.7
133.4,28,5.1,9.8,88516,8.8
156.3,11,6.6,26.9,42099,16.4
180.2,8.7,4.9,15.2,46526,16.7
155.7,7,5.2,24.9,34206,26
164.8,8.5,4,18.6,50709,14
191.2,19.1,7.5,13.9,58333,14.3
164.8,5.4,2,22.7,49947,28
157.5,22.7,6.8,17.5,52814,12.5
139.8,9.1,9.3,15.4,49369,15.3
179.2,10.1,6.5,22.6,42291,18.3
178.7,9.8,5.4,17.2,49012,14.2
182.3,13,7.8,17,49261,15.3
189.9,14,5.9,20,50020,18.2
198.4,7.7,6.2,16.3,44795,18.6
162.9,17,5.7,12,61825,10.4
173.4,9.1,8.1,22.4,40213,24
223.2,8.9,11.5,26.9,33324,24.5
182.8,15.4,5.9,18.9,41207,16.2
129.1,15.1,2.3,16.1,50698,12.7
142.3,13.9,5.9,20.2,36992,18.7
190.7,10.8,5.5,14.1,53872,12.9
161.4,18.9,7.5,19.8,54230,17.3
176.3,14,7.7,17.9,48461,17.1
116.7,16,2.1,11.6,64182,10.5
172.4,10.3,6.9,23.9,35607,25.1
149.5,25.1,6.7,10.6,59569,17.5
189.7,19.9,3.7,9.4,66505,8.9
190,11.5,7.8,21.8,40921,20.2
123,11.9,9.9,28.2,34368,33.5
186.4,9.9,8.9,22,41521,21.8
155.2,11.2,6.4,17.8,50124,14.4
167.2,17.1,5,16,55472,12.4
181.2,10.5,7.1,19.9,44076,20.3
176.8,10.9,6.4,24.9,33698,25.9
181.9,9.3,6.4,17.7,47299,17.5
110.4,6.4,5.7,34.2,32086,26.7
198.5,11,11.4,19,43385,20.5
158.9,10.8,5.3,18.8,51508,13.9
142.5,10.5,4.4,7.4,63054,8.6
166.4,7.2,5.6,16.6,52030,14.9
189.2,13.6,5.2,16.2,52185,14.7
188.9,7,11.4,20.2,41017,17.7
168,18.7,7.1,17.8,46364,13.1
187.7,13,8.8,20.5,41147,21.2
202.2,9.3,16.5,20.6,36929,22.5
164.6,7.3,6.6,20.1,46200,20.2
185,12.4,7.3,16.5,55926,13.3
179.9,7.2,4.2,21,41079,23.4
178.1,10,4.8,21.3,43986,22.3
132.7,26.7,4.5,11,77764,8.3
166.3,18.4,8,19.2,44113,17.6
183.1,12.7,7.6,16.7,38750,18.5
179,11.1,13.2,16.3,39335,21
164.1,16.9,11.7,18.7,40884,22.8
165.2,12.1,7.1,21.7,36929,21.3
187.3,10.7,7.4,21.5,41009,18.6
183.6,11.6,6.2,26.4,37111,22.6
215,14.1,8.6,14.5,50699,14.4
135.7,10.1,8.1,27.5,38012,28.1
148.2,11.9,4,16,47041,13.8
143.4,12.3,5.7,15.7,52895,13
205.4,12,7.5,23.3,45159,13.5
203.2,6.7,11.5,20.9,47123,17.4
201.8,9.9,8.2,22.7,37256,19.6
106.1,14.2,5,10.3,60810,10.6
147.1,9.9,4.3,14.7,51481,15.5
168.7,19.4,5.8,21.4,45096,14.9
163.7,17.4,6.2,16.6,45719,17.7
154.4,12.5,10.9,24.4,41589,18.3
186.9,10.7,4.3,22.3,39649,18.9
181.6,14.6,6.2,17.9,43488,19.7
165.3,7.8,5.7,18.7,39030,21.5
205,8.7,8,22.1,34452,23.1
153.2,13,3.5,12.5,61896,12.5
187.2,15.3,6.8,17.7,42820,14.8
166.6,11.7,6.4,22.2,41587,22.1
150.2,7.7,13.1,24.6,32248,26.5
155.6,13.2,6.6,16.7,53440,14.3
173.9,8.8,8.3,19.4,32580,22.7
148.3,18.3,3.4,10.3,74811,9.9
206.1,12.3,9.6,18.4,41849,18.3
135.8,14.7,3.6,13.1,38564,17.1
211.8,8.5,5.5,13,41363,20.7
209.9,11.5,6.6,14.8,48996,14.8
164.9,21.7,6.1,13.5,70929,10.9
179.8,9.5,4.1,18.1,42839,14.6
196.3,9.4,12.7,21.5,37954,18.6
185.9,15,8.6,17.2,38895,22.7
201.9,10.8,10.9,23.5,43091,20.3
200.7,4.6,12.1,18.1,39135,20.2
187.7,8.9,7.7,21.2,38742,17.9
163.6,12.9,6.6,21.6,51222,16.8
198.4,10.5,5.2,14.6,61773,10.7
181.3,20.2,7.4,15.8,54458,15.6
200.1,10.4,8.4,17.3,48834,16
183.7,10.6,8.3,21.5,40862,18.6
187,8.9,5.7,16.3,48822,15.5
176.4,18.5,6.1,13.4,67655,9.9
142.1,10.7,3.6,19.4,41813,14.6
129,6.6,4.8,12.7,44817,17.8
215.6,8.2,10,24.4,41401,18.5
185.1,10.3,5.3,20.8,38224,21.5
66.3,14,9.6,22.7,34258,21.8
175.1,7.4,7.9,21.2,47834,14.9
160,20.4,3.9,12.1,64636,9.7
133.1,8.1,2.2,10.1,62376,11.2
166.8,16,12,22.9,37294,18.7
201.1,10.3,7.2,21.9,34340,20.1
148.3,8.5,6.7,23.4,39006,24.8
217.1,6,6.7,19.9,43654,16.9
169,12.1,9.2,22,43194,19
174.2,13.3,3.4,20.2,38607,18.1
174.4,9.9,4.9,19.6,46427,16.6
199.9,7.7,12.1,24.8,35701,19
182.2,7.1,16.3,25.6,32826,23.9
215.4,8.1,12.6,21.6,43087,18.6
202.5,10.3,5.2,19,51958,15.8
153.9,10.8,4.9,18.2,38000,20.3
205.8,14.2,4.1,12.4,50361,13.6
203.5,10.1,3.3,17.4,56444,14.1
182,18.5,3.8,15.9,55130,13.1
193.9,9.6,7.9,22.3,35772,22
178.8,16.1,3.7,14.2,49309,13.4
157.5,17.1,7.2,17.7,45363,18.1
168.2,15.9,2.1,12.5,51733,12.1
136.5,6.6,13.8,31.2,26699,35.4
211.3,14.2,3.9,18.9,44110,20.8
172.6,11.4,6.9,23,42780,15.5
138.2,16.2,4.3,9,60435,13.2
133.2,11.2,6.4,25.3,37527,20.9
164.3,20.6,6.9,16.4,58127,15.2
178.2,16.8,5.9,16.6,45559,15.9
178.9,8.7,6.5,25.7,38752,21.2
200.7,17.2,2.6,20.1,43618,14.2
155.8,9.8,7.5,21,40680,20.6
159.3,14.7,4.7,15.3,45261,15.6
190.7,8.1,9.9,23,36645,19.9
188.1,7.7,11.5,19.1,40442,19.3
186.3,10.4,7.9,17.2,46346,14.6
166.7,6.7,4.3,15.8,55918,14.3
152.7,11.3,8.1,23.9,37933,22.1
143.9,12.8,9.3,22.5,41437,22.2
182.9,10.3,6.1,18.9,43377,15.9
165.8,12.7,6.5,17.3,51003,15.8
164.6,13.1,4.4,12.8,39984,26.3
163.1,13.7,8.3,19.3,50589,16.1
180.8,10.3,6.1,17.9,44065,13.5
172.8,13.1,6.3,19,39444,15.4
173.6,19,6.8,15.9,40386,20.6
209.2,10.3,4.5,17.3,37911,19.2
186.1,9.2,5.8,21.5,37486,19
222.5,10.2,7.4,19.8,39232,18.3
179.4,6.5,12.6,24.8,33707,22.1
154.1,12.9,5.2,17.1,41652,14.4
150,15.9,6.3,18.1,44188,15.6
204.4,8.2,8.3,24,32662,22.1
216.3,7,11.4,24.9,33091,22.1
188.9,18.2,7.6,17.2,46185,16.5
187.3,15.1,6,17.3,40047,19.6
203.6,12.1,8.3,14.2,58976,10.6
183.4,15.9,8,12.9,49949,14.6
217.7,11,7.4,18.6,37581,19.4
183.2,9.2,8.8,23.6,36895,18.4
174.5,13,6.9,14.5,48128,13.4
178.5,11.8,7,19.9,39908,18.6
212,8.6,5.6,15.3,41891,14.3
191.5,9.8,9.5,15.1,53804,15.7
197.9,10,4.5,15.5,37597,20
203.2,13,5.1,15.6,47937,16.6
201.2,8.4,8.7,22.8,34863,22.2
141.8,10.3,8.7,17.7,35345,17
225.4,7.9,10.2,22.3,35363,20.4
187.4,10.3,10,22.9,40165,16.1
188.8,12.8,7.2,18.1,42088,18
180.7,9.1,4.6,16.5,38023,15
202.1,11,8.1,22.6,37360,17.4
270.5,8,12.2,28.3,30661,32.2
179.9,13,6.7,14.7,47158,13.9
140.3,9.7,5.9,18.8,41376,15.8
176.9,7.8,9.4,20.3,42105,16.1
203.7,9,11.7,21.3,36867,20.7
229.7,6.8,8.8,26.2,34631,23.3
185.9,11.8,6.1,15.7,45448,14.3
168.8,14,7.2,13.3,42956,20.2
167.7,6.7,7.1,26.7,29415,23.9
161.3,12.6,2.9,12.2,51958,10.2
190.2,7.5,12.6,27,31025,22.3
239.8,7.8,11.2,28,32120,28.7
174.4,10.9,4.2,13.3,50548,11.6
217.1,11.5,6.4,20.1,40038,17.6
163.8,15.3,7,14.5,40710,21.6
192.5,9.3,6.5,19.4,44408,18.9
152.6,25,5.6,9.3,70874,6.9
183.4,10.4,9.5,21.8,38344,18.1
196,15.8,12.7,12.9,47227,15.9
205,12,2.8,17,34684,18.6
205.2,8.2,6.2,16.8,51738,11.6
191.8,9,8.9,21.4,41346,18.3
204.2,9.2,8.2,14.5,51986,15.3
181.8,5.7,11.1,25.9,31820,21.5
236,6.3,10.1,28.6,30019,25.1
162.9,23.3,5.1,8.2,74220,6.8
178.8,6.1,9.3,19.2,33986,21.7
187.7,9,5.4,13.7,46874,13.1
216.8,8.4,8.3,18.9,40376,20.3
166,24.4,7.4,13.6,60093,9.6
205.8,11.5,5.5,16.6,41112,16.3
208.7,7.9,7.4,18.7,34644,18.2
195.4,10.5,4,19.8,38281,16.3
205.4,8.5,6.8,21.7,40532,20.9
210.7,9.4,9.2,24.1,27382,28.2
147.4,8.8,5.8,18.3,42498,16.6
206.6,8.9,9.1,21.4,38329,19
169.4,10.9,10.8,19.7,40642,16.2
196.5,8.2,6,17.9,36642,17.7
173.6,12.4,9,20.3,35731,18.7
161.3,8.9,8.1,27.3,33755,21.5
194.4,10.1,5.4,18.6,40267,17.5
177.6,10.6,8.9,15.4,52959,12.8
207,4.3,12.2,25.9,34581,25.5
240.5,7.7,9.5,24.3,30721,26.4
166.7,10.1,6.3,17.7,41561,17.8
171,11,4.3,14.3,38802,15.5
203.2,7.2,9.4,27.5,31600,22.7
214.3,18.3,12.4,23.9,35681,28.8
121.4,19.8,6.5,11.5,41602,15.1
140.6,9.8,19.9,27.3,38871,30.6
170.1,15.9,13.4,22.4,35740,25.2
163.7,15.7,4.5,14.6,49758,11.7
129.1,20.4,3.9,14.5,47520,12.7
165.2,17.4,5.1,17,42903,14.3
136.8,17.5,4.3,22.9,41004,19.4
197.5,17.6,2.6,11.7,47376,10.8
178.3,14.2,2,10.3,50540,11.7
196.9,10.4,3.9,18.4,38178,17.1
162,11.5,3.3,7.7,59102,8
150.6,20.4,7,15.5,47351,13.6
137.9,31.8,6.3,9.9,51569,13.9
198.9,13.7,14.4,27.9,33428,31.8
231,16,3.5,16,37316,20.1
113.2,16.1,7.2,15.9,47902,14.4
178,16.3,4,19,43509,17.6
185.5,23.1,6.6,11.8,61575,10.4
179.5,25.1,3.9,14,43272,14.6
194.4,10.3,9.7,24.4,46926,19.6
173.8,14.2,7.1,18.6,43104,18.9
157.1,21.8,6.8,8.8,94334,6.3
138.8,19.3,8.6,26.5,56866,15.4
188.4,16.2,7.6,15.9,59925,13
161.7,18.4,6.9,20.2,70299,14.5
142.9,22.2,7.9,22.4,83162,14.7
183.7,11,10,20.5,43518,18.9
174.2,23,6,11.2,71885,7.2
175.7,16.4,7.4,19.1,56508,13.2
172.8,11.2,10.5,18.6,48718,15.9
184.2,10.1,6.4,21.8,48135,15.4
162.7,11.9,5.5,16.3,49809,14.2
178.7,11.1,8.2,20.7,46849,16.6
163.8,18.7,6.4,12,85886,7.7
178.8,12.3,11.5,23.7,48908,16.3
160.5,14.5,6.9,16.5,52195,11.4
159.5,22.2,5.9,13.1,51880,18.7
170.8,16.5,9.3,17.8,56718,13.7
177.9,15,6.6,16.8,54585,13.3
198.4,11.7,9.5,19.7,47547,14.6
175.5,12.3,7.5,18.1,49191,12.9
145.3,23.7,7.6,14.8,83152,10.4
181.1,9.7,7.4,16.1,53783,12.3
178.4,12.2,6.9,17.2,48368,14.5
178.7,14.8,7.9,20.7,41296,17.9
174.4,9.3,9,20.9,43043,16.4
157.1,11.7,10.5,21,35266,20.5
186.1,6.6,17.6,25.5,32508,25
169.3,12.7,8.5,19.6,36488,20.9
152.8,11.1,6.9,18.1,37131,19.8
194,11.2,11.5,21.9,40357,18.8
175.3,7.4,13.5,25.8,31217,27.7
161.4,9.4,12.1,25.1,33521,25.6
169.2,16.8,11.4,20.2,47387,15.7
162.7,22.2,7,18.4,47296,13.9
188,10.7,11.6,23.6,39275,20.5
173.6,18.9,9.2,15.3,55250,12.2
195.5,9.7,12.2,24.6,38653,18.8
143.8,14.5,9.3,12.3,61730,9.7
191.5,15.7,10.2,17,48824,14.7
188.2,7.6,10.9,23.5,42730,19.9
176.4,14.6,8.2,18.5,45080,16.2
146.8,19.1,9,16.7,56797,13.9
179.9,11.6,8.4,24.4,34620,21
189,12,12.7,26.3,38887,23.2
163.6,12.3,12.3,23,37072,18.5
194.3,9.8,12.6,22.7,39444,21.1
193.6,8.2,9,25.9,34321,24.3
181.1,14.6,11.4,16,43972,16.4
186.1,15.3,12.6,19.2,42582,17.6
199,15.6,6.6,10.4,58024,11.2
163.2,20.2,6.4,15.3,54642,11
177.5,13.5,11,21,43346,16.9
169.3,16.5,7.2,17.9,47592,13.8
164.5,7.3,11.3,25.3,34109,27.7
192.1,7.1,15.4,27.6,31615,25.9
179.9,20.9,9.5,18.5,45944,19.7
183.4,13.6,9.9,20.9,48166,15.4
193.5,13.5,11.2,20.5,42056,16.7
171.5,8.8,12.2,21.6,48413,15.6
160.7,9.7,11.1,22.5,33824,20.6
188.4,12.6,8.3,20.3,49342,15.9
183.2,7,11.9,25.9,37263,28.3
163.9,22.4,8.8,18.5,44828,17.3
199.5,8.5,14.1,26.5,31674,23.5
182.9,13,11.3,18.5,45380,20.5
157.6,14.7,7.3,20,42812,15.2
151.8,18.3,6,18.5,47286,12.9
184.3,9,13.7,27,30056,25.8
191.8,14.8,13.1,22.5,44175,19.5
240.8,4.7,9.3,30.2,28341,25.7
211.2,7.2,7.1,18.3,38338,20.3
185.7,9.6,10.2,26.1,29067,27.8
199.4,11.8,6.8,19.3,43390,15
202.5,8.7,8.9,22.7,38544,19.9
163.8,4.4,6.2,34.7,30556,32.4
258.6,4.3,11.8,31.1,30333,29.8
176,23.6,6.9,14.7,48552,19.8
191.3,7.1,9.7,23.3,35878,19.3
248.2,6,9.7,34.6,30127,31.1
215.7,16.5,8.7,15.3,49400,12.9
240.2,7.9,12,26.2,30671,31.2
234.4,7.1,6,23.1,45483,16.7
204.6,9.9,11.4,21.9,43647,18
205.4,7.7,6.8,18.4,46226,16.9
201.1,10.5,7.2,24.1,39247,17.7
230.6,4.5,9.3,24.5,35726,21.7
195.3,6.2,9,24.6,33640,21.5
211.9,10.9,10.1,22.6,42452,16.4
223.6,7.2,5.9,18.7,50358,13.8
202.2,13,8.2,16.4,50407,14.3
277.1,6.6,9.8,34,26351,34.2
196.4,9.1,8.1,21.5,41406,18.5
243.5,5.9,9.6,24.8,38038,23
202.4,10,8,20.5,43040,18.1
233.2,6.9,6.6,20.6,43799,18.3
197.8,5.3,8.8,25.4,41588,18.4
196.7,8.5,6.7,18.8,42477,16.9
211.7,9,8.6,13,45168,14.6
185.8,12.9,6.4,15.1,54086,11.1
208.3,9.1,6,17.3,44762,13
170,10.5,4.3,13.6,46466,11.8
202.3,10.6,8.8,18.3,40234,20
197.4,8.5,7,18.2,41077,15.5
146.5,35.5,4.3,6.2,89861,4.9
184.8,18.4,5.5,9,68334,6.9
183.5,10.4,7.9,13.6,56787,10
167.4,23.5,5.3,8.4,70358,6.4
191,10.2,10.6,16,41955,15.5
172.2,12.1,9.2,18.4,47433,16.8
195.8,11.2,7.4,15.3,49832,10.7
220.4,9.8,7.3,14.2,48368,14.9
204.7,9.7,6.3,14.6,55190,10.3
202.5,6.6,8.2,18.7,38663,19.9
169.5,10.7,9.2,15.3,45964,16.2
206,6.8,9.7,18.7,43783,17.5
165.1,19.4,6.3,12.6,58833,10.2
183.5,9.7,6.1,18.7,44077,17.4
187.2,13.5,6.5,14.3,54068,12
167.5,5.9,5.5,13.4,52003,10.9
195.2,13.8,10.5,19.5,50774,17.6
192.5,10.9,9.8,20.1,46243,17.9
197.2,9,6.3,16.8,45232,12.5
195.2,11.9,9.3,19.3,44730,16.7
201,18.5,10.1,22.9,42700,21.3
163.7,11.5,8.3,16.4,52508,10.9
194.4,6.6,6.1,16.7,48381,13.5
183.5,7.7,9.4,19.7,41065,17.1
168.5,22.3,6.9,11,43841,24
171,10.6,6.9,18.5,46945,12.3
200.8,10.2,7.3,15.3,54849,11.5
194.1,6.5,8.9,17.4,51285,11.5
186.5,10,8.8,14.8,50997,11.1
195.6,9.2,7.7,13.2,51403,11.1
201.5,7.1,6.8,21.3,39572,18
215.1,6,8,19.5,46001,15.4
171.8,9.1,7.8,20.4,42056,17.5
208.1,6,5.6,15.5,44623,15.5
174.1,7.4,5.1,13.9,47217,11.3
178.4,16.6,7.3,11.4,63030,10
168.7,14.1,5.3,11.7,59975,10.7
183.2,8.1,7,19.3,43770,14.2
197.1,8.7,7.3,13.4,49467,13.5
198.5,7.3,7.8,20.9,41577,16.1
201.4,11.6,7.4,13.4,52491,10.7
222,8.7,6.9,17,47418,14.4
180.3,16.9,8.5,17.1,46388,17.2
217,8.3,11,20.1,41649,17.6
184.1,9.2,8.3,15.8,54831,11.8
174.6,9.1,5.6,12.2,54468,9.3
222.9,7.6,11.5,20.5,43740,15.5
172.6,13.7,6.9,15.9,50078,12.8
206,9.4,6.8,18.8,43933,16.9
232.3,6.5,9.6,20.1,47606,17.4
169.1,19.8,6.5,11.9,46276,22.1
159.2,13.3,6.2,14.4,55008,9.5
192.3,12.2,7.7,17.8,47410,13.8
182.7,15.8,6.2,17.6,42622,17.7
209.6,9.7,6.5,17.1,44388,13.9
201.2,13.8,8.9,19.6,41260,20.2
185.3,11,7,17.1,45151,15.2
177.2,12.4,5.5,13.7,55925,9.9
165.1,17,5,10.8,65793,8.2
205.3,6.2,10.1,19.1,43573,16.2
202.8,10.2,9,20.1,40929,17.8
157,11.8,4.1,15.2,51182,10.7
206.3,10.3,6,16,50731,11.2
179.7,11.5,5.3,13.8,59266,9.4
178.9,11.9,3.2,14.2,48216,10.3
171.3,11.1,3.2,15.1,51929,12.2
142.4,11.6,6,15.5,45229,12.4
176.1,12.9,6.6,19.4,40422,17.5
176.9,10.4,2.6,16.7,50014,11.1
163.2,16.3,4.7,11.8,61931,8.8
170.9,17.9,6.6,14.6,51331,14.5
171,17,4.7,11.8,54186,10.4
129.8,20.3,3.9,9.2,62438,7.6
188.1,13.1,3.9,11.9,55781,10.7
149.1,12.3,3.7,16.4,50719,12.4
156.6,11.1,4,13,52273,9.9
181.5,13.1,4,17.3,49456,13.7
176.6,15.2,3.3,12.6,52367,9.9
218.8,14.6,3.2,21.8,46159,13.1
147.9,15.5,3,12.7,61423,7.9
154.2,16,4.4,15.9,49569,12
135.4,14.4,3.7,11.8,52894,9.6
161.9,11.2,3.8,15.3,50788,9.8
198.5,9.7,5,18.2,45413,14.4
171.5,15.1,3.8,15,51514,11.5
168.3,12.3,4.2,15.5,49018,10.8
191.8,13.9,4.8,16.5,48528,12.9
148.6,10.6,4.8,18.3,50370,11.6
132.6,32.5,2.6,8.7,79173,6.2
158.6,11.8,4.2,15.2,46750,15.4
209.1,13.9,7.5,20.9,36742,21.3
154.1,9.9,3.6,12.8,55958,8.9
170.1,13.8,6.3,20.1,45292,15.7
156.1,19,3.8,14.8,56551,7.4
210.3,9.2,10.6,18.5,33370,23.8
234.9,6.3,12.1,22.1,28716,32.3
216.4,6.9,7.9,20.8,34010,28.2
161.2,6.6,20.6,25.4,32815,25.4
159.8,5.4,4.4,32.8,29244,33.7
218.9,6.2,14.4,34,34604,29.8
199,10.5,10.5,23.7,36973,24.5
183.9,8.7,5.8,24.8,36303,28.6
201.3,10.5,9.6,26.5,34008,24.5
193.1,13.9,10,19.7,39453,18.1
193.7,10.5,5.4,26.8,32536,27.1
186,11.1,11.9,18.8,41141,19.5
197,7.9,12.5,25.5,32171,31.7
189.8,6,6.7,23.6,36886,28.1
159.3,12.2,13,23.2,40667,15.1
189.5,6.9,11.1,27.9,34867,25.9
212.7,9.7,8.4,20.5,39078,20
193.3,12.5,7.9,15.6,52082,15.6
180.1,7.3,7.2,25.3,34288,28.8
194.6,8.1,16.4,25.8,31623,28.9
186.4,9.4,12.2,22.6,36137,30.2
205.6,7.8,11.3,20.9,41093,25.5
143.1,4.3,5.8,26.1,33893,22.8
179.9,4,10,31.7,30264,38.9
144.6,12.6,6.8,17.9,42126,16.9
182.8,8.5,10.3,20.8,43731,20.7
195,5.7,6.7,27.4,32722,30.7
210,8.7,8.9,25.2,32042,26.7
178,3.9,7.3,23.7,34512,23.2
160,6.5,9.8,25.7,40382,22.6
147.6,17.3,8.1,25.6,51887,18.1
135,21.6,5.6,13.8,73985,9.8
149.4,18.8,5.4,17.6,58883,12.3
139.9,17.6,6.9,18.4,64916,13.1
151.6,24.8,6.6,11.1,57908,11.6
121,13.1,11.3,16.4,40777,14.9
151.5,17.3,7.2,13.8,44324,17.4
143.2,15.6,3.3,15.7,45504,13.4
222.2,8,10.1,20.9,46277,15.7
155.8,12.6,7.1,18.4,47292,15
94.4,30.6,4.1,13.8,63490,10.6
163.9,17.5,10.5,13.9,50874,15.6
175.5,14.5,6.2,17.8,45193,16.2
137.4,19.1,5.6,15,51440,15.5
161,10,4.7,22.3,42720,16.7
107.2,11.3,6.8,19.1,42907,14.8
154.8,12.5,9.4,21.5,43489,18
184.5,14.6,1.5,11.6,55770,11.5
133.7,12.5,5.7,16.9,45078,15.6
164.7,12.1,7.3,19.1,41304,16.6
160.5,18.3,3.3,14,42704,15.7
180,11.2,8.4,15.2,45049,14.4
136.3,14.1,5,14.3,50545,10.8
140.9,14.9,6,16.5,45578,15.1
190,11.7,14.2,18.7,41688,15.9
151.5,8.9,3.8,22.4,44669,17.1
162,14.9,6.4,17.5,39551,16.3
136.4,15.3,6.1,16.2,52428,11.5
147.6,10.4,6.6,21,46513,15.7
173.4,15.7,7.9,14.9,49061,12.9
148.9,27.8,7.6,9,43482,19.9
142.6,15.5,6.1,18.4,37869,18.2
185.6,11.1,6.5,16.8,39918,13.7
145.9,8.2,6,21.4,44046,14.1
125.2,23.3,10.2,13.5,36065,27.1
163.5,9.2,4.8,18.7,46332,16.8
180.1,16.7,6.1,14.9,46214,14.6
141,10.1,6.7,11.7,46503,13.9
152.5,6.9,11.7,20.6,38478,23.6
166,11.4,10.1,18,45533,14.2
114.3,9.5,9.4,24.4,48048,15.7
225.1,9.7,11.8,18.9,36577,18.9
114.2,30.3,8.5,12.7,57644,11.6
165.4,12,5.9,16.5,44236,14.5
131.6,21.1,5.7,19.4,49380,11.7
173.6,10,9.7,21.4,35955,17.8
167.4,14.1,6.8,20.6,46061,14.2
181.1,6.1,13.9,39.1,30699,35.6
171.7,10.4,6.4,22.4,49886,16.2
163.7,12.6,9.7,17.2,58792,10.2
165.8,9.5,5.4,13.8,50225,14.2
172.2,11.3,7.6,19.2,52138,13.1
152.3,10.2,5.4,22.7,49689,12.1
194.4,11.2,8.1,17.6,50750,12.6
195.3,9.8,8.5,18.8,46289,13.2
152.5,22.3,6.5,13.5,47966,22.6
196,9.6,5.4,19.5,46870,14.4
199.1,12.1,8.5,24.4,50645,13.9
190,11.1,6.7,24.8,45709,13.6
167,15.2,4.9,12.4,60556,9.9
176.1,14.1,9.7,19.1,41319,22.9
177,21.5,10.7,22,55058,17.1
191.5,11.9,6.8,19.7,45889,15.2
201.4,9.8,7.4,21.7,49567,12.2
171.7,18.6,10.4,16,56536,14.7
195.5,13.7,7.7,17.7,55193,10.9
177.5,13.5,6.1,15.8,52526,10
152.7,28.3,7,11.7,80037,7.9
177,12.5,9.6,21.1,45485,15.1
189.9,8,8.3,20,46894,11.6
129.9,31.1,6.2,8.1,86413,6.3
198.3,8,8.4,24.7,38055,24.4
165.3,30,9.9,15.1,55516,17.4
136.4,10.9,10,22.7,40010,19.7
211.1,5.1,7.1,12.9,39643,19.4
168.9,16.4,9.3,20.2,46737,19.3
191.7,8.1,8.3,21.4,43880,17.8
199.1,7.4,10.5,27.9,35237,26.2
177.8,12.7,6.8,23,42823,24.4
146.1,23.3,8.3,13.8,59858,13.4
180.5,10.1,7.7,18.2,40994,15.3
153.5,14.2,7.5,17.1,52238,16.8
160.6,5.9,14.6,24.5,26309,35.3
213.9,8.4,12.3,22.6,40387,18.8
139.4,15.7,8,13.6,66249,9.5
166.4,8.4,6.2,21.8,38564,21.4
178.8,6.7,12.1,26.3,41348,19
175.9,17.9,10.3,15.3,60388,13.7
174,14.3,9.7,15,53027,17.2
192.8,5,6.8,27.6,35955,25.3
213.2,13.1,7.9,14.7,51931,13.5
169.3,7.3,12.7,23.4,41818,18.2
171.6,5.7,6.6,28.3,35235,24.8
211.2,7.3,17,27.7,30835,26.4
215,7.5,10.3,28.9,30678,34.6
167.8,5.1,9,24.8,29818,30.4
162.1,12.2,9.5,18.6,51749,14.5
204.1,11.4,15.6,20.6,40339,21.3
209.2,7.7,14.6,24.5,37113,23.9
169.7,7.7,6.6,22.8,35807,25.4
192.8,13.7,7.2,14.1,64533,11.8
170.3,12.7,12.9,14.9,41682,17.2
196.7,7.4,9.3,20.8,39484,17.9
180.9,10.8,15.6,21.8,43193,21.9
180.9,14.2,13,19.3,38887,24.5
158.1,18,8.2,15.4,44653,18.6
219.5,9.2,9.5,21.3,37413,27.6
143.9,7.9,8.8,23.5,37603,23.3
214.9,5.3,18.7,22.4,29430,34.1
227.2,8.8,8.7,21.3,45557,19.7
159.3,7,14.3,17.3,36055,25.9
173.9,5.9,12.8,25.2,37243,23.6
200.8,8.1,6.5,26.8,35276,25.1
179.7,7.6,13.5,26.3,32711,32.6
139.2,12.2,10.5,17.7,53542,14.8
163.1,8.2,6.7,22.6,36436,22.4
172.3,13.9,6.9,17,50295,15
204,6.4,11.1,21.1,40976,18.7
190,15,11,19.3,41783,21.9
182.4,13.7,11.8,20.9,48058,19.4
140.8,22.2,5,8.7,80631,7.9
150.6,10,5.3,20,46840,15.8
173.2,15.2,8.7,12.9,63964,10.7
222.3,13.2,11.3,17.6,40550,21.7
176.4,15.9,8.3,15.8,51047,12.3
219.8,7.7,8.9,21.4,40526,18.9
224.3,9.7,10.4,15.5,50395,13.7
127.1,6.2,7.4,25.7,36128,23.9
186.9,12.4,6.3,19.5,42125,18.9
250,6.3,11.2,27.8,29477,29.5
169,15.5,7.3,21.9,38449,20.6
127,7.1,10.4,30.8,25807,36.3
197.6,12.7,12,23.4,36012,26
162.1,17.4,11.2,15.8,48287,17.3
151.3,9.4,12.4,21.1,39601,20.1
214.9,9.1,9.8,24.9,34012,26.2
180.1,9,9.4,25.7,37672,26.4
196.2,10,12.4,23.9,35555,27.4
213.1,8.4,10.6,21.8,36870,20.9
228.8,8.7,14.5,27.9,27635,39.4
181.7,9.3,14.4,31.3,34017,33.9
178,13.4,3.3,14.9,46495,12.8
151.9,21.6,4.9,13,49513,17.9
161.5,15.3,3.2,11,52272,8.9
187.8,16.8,5.4,17.9,53291,12.1
148.8,32,3.8,7.4,88500,4.8
168.1,14.2,7.4,25.9,45179,15.7
167.2,11.8,2.6,21.4,51274,11.5
149,15.6,5.5,12.2,75122,6.2
161,22.8,4.3,13.5,55560,13.3
184.9,11.1,7.4,25.8,43674,17.8
128.7,22.3,4,14.6,48593,10.4
153.8,13.9,4.9,20.6,48176,12.9
176.7,15.6,5.7,20.1,50162,10.9
154.4,27.8,5,10.6,76269,7.3
153.6,18.1,3.5,12,68777,7.6
160.9,17.8,4.5,14.1,52298,9.6
158.9,12.8,4.2,18.6,48163,13.5
152.7,13.8,4.3,14.3,52444,11.6
164.1,11.5,4.9,19.6,47203,12.5
161.6,16.8,5.3,13.9,60869,9.6
159.9,14.6,3.6,18.7,48179,10.5
156.8,30.3,6,15.2,64490,13
141.8,14.9,4.9,15,59900,8.4
156,16.7,5,21.7,47944,12.2
177.3,12.8,7.3,16.4,65342,7.8
177.7,15.1,7.1,18.9,48525,14.7
130.4,14.2,3.2,12.8,53700,9.8
162.2,8,9.8,24.9,48908,13.8
147.5,15.1,4.8,19.3,57405,11.5
168.3,16.8,2.8,16.2,50372,9.9
173.3,13.5,7.8,26.8,44113,15.3
145.6,13.6,3.7,14,48245,10.4
164.5,15.5,4.8,19.8,52381,10.5
172.7,12.4,4.8,19.4,44727,10.7
166.9,15.4,5.3,14.3,61665,8.9
146.8,15.8,2.8,12.2,48449,10.2
163,18.6,5.3,15.3,53552,11.5
175.4,12.9,4.5,14,60114,7.9
215.7,9.8,9.2,30.4,39926,19.6
148.2,14.5,4.7,13.3,54433,9.6
162.5,15.1,3.5,17.2,52042,12.2
151.2,13.6,4.7,13.4,54354,10
190,10,7.7,19.2,48434,12
169.5,11.6,5.8,18.8,50685,11.8
155.6,13.8,6.5,16,47537,12.1
156.4,13,4.5,13.5,52219,9.6
133.3,22.3,4,13.1,61279,10.2
138.1,10.1,6.9,18.1,50684,13
169.9,12.4,5.1,18.8,51597,13.4
142.2,23.8,4.1,12.5,69430,9.8
156.9,17.2,4.4,16.7,51510,11.2
174.2,11.8,3,17.6,50905,9.3
161.7,9.1,7.4,19.5,42157,17.5
173,14,4.2,19.4,47164,12.2
184.4,16.3,4.6,17.9,50175,12.7
154.5,16.1,4.1,15.5,51343,10.4
166.5,24.4,7.1,20.5,55070,16.5
157.6,11.8,3.5,18.6,48188,9.2
180.7,13,4,17.1,49934,12.4
176.5,12.2,5,15.1,54386,11.3
168.4,17.6,5.6,12.2,60317,13
147,15,3.7,16.9,55352,9.6
158.2,14.2,2.7,12.5,53838,9.2
184.8,18.2,6.9,16.9,49714,17
153.9,28.1,4.6,8,91688,5.5
170.5,19.2,5.2,11.6,76512,7.2
181.7,12.8,5.5,15.8,59893,9.2
153.7,17.7,5,14,55832,13.4
145.9,18.7,4.9,17.4,57850,10.9
146.2,20.1,3.1,10.3,55292,14.2
162.3,12.6,3.9,19.8,51032,10.8
147.2,11,5.1,18.4,43287,17.8
132.3,13.3,2.9,16.6,49536,12.2
160.2,14.6,3.6,14.9,58752,7.3
187.9,8.8,5.2,25.1,41909,15.8
163,15.4,4.6,15.5,54183,10.1
152.1,27.3,4.8,9,84113,6
159.7,12.5,2.9,16,48658,10.4
122.5,13.5,2,12.7,54536,10.3
166.8,18.5,6.2,11.8,49365,15.8
165.2,20.4,5.2,12.1,76489,6
151.9,12.1,3.4,15.3,51028,11.2
212.3,11.1,11.3,29.2,32327,32.9
187.8,10.3,9,24.1,35180,21.8
171.8,7.4,12.7,30.3,30668,23.2
200.3,9.2,12.6,27.1,32521,23.6
208.7,5.6,17.1,18.3,30665,25.6
241.9,13.8,15.3,32.4,29297,34
228.6,6.3,10.1,25.8,33141,25
191.7,7.8,11.9,28.4,38219,17.9
198.9,7.4,12.2,24.9,31616,24.7
151.2,8.3,14.2,28.8,34548,24.2
175.9,8.5,17.5,36.7,26083,42.6
191.4,9.9,11.7,25.7,34910,22.4
187.5,12,16.2,27.4,33939,28.4
266.7,12.6,20.3,34.6,28647,35
194.9,10.2,14.3,27.5,35314,26
205.1,8.6,13.7,28.6,31835,26.5
193.9,15.7,7.6,12.5,58479,10.1
209.2,15.3,13.1,22.4,36808,26.4
261,4.3,12.3,32.9,29090,26.8
191.1,18.3,8.4,17.9,48264,16.8
186.9,16.2,8.8,19.1,51227,14.7
246.4,5.5,9.1,34,34271,25.6
195.8,18.6,7.7,16.7,54728,15.5
216.8,6.2,14.6,34,27709,33.7
224.6,5.5,15.7,38.7,26048,34.9
192.6,6.7,9.3,26.7,40312,18
216.7,6.8,12.4,27.7,34678,24.7
269.2,6.2,7.8,26.5,32835,25.9
275.9,3.4,12.2,37.1,25473,35
262.7,5.3,17,33.4,27777,33
226.5,7.1,12.6,34.6,28574,30.1
239.3,5.4,8.4,30.9,30217,34.4
199.1,6.6,10.5,25.6,35368,27.6
211.7,4.9,6.7,20.7,42892,14.1
206.8,8.3,7.7,22.1,41150,16.9
202,10.3,7.6,16.6,43067,15.4
168.9,13.6,6.1,21.1,41216,17.5
265.8,3.2,19,39.1,24265,47
215.1,6.1,8.4,22.5,42288,16.9
205,16.7,8.6,17.9,44358,19.7
221.5,3.9,12.2,35.9,29421,30.2
193.4,8.1,9.2,20.9,39089,21.8
185.3,9.3,7.7,20.7,45596,13.1
270.4,2.5,20.6,39.7,27484,40.6
248.1,7.5,6.2,20.8,40260,18.6
225.1,8.4,11.5,17.3,52377,12.6
229.5,6.5,14.7,31.5,30828,27.1
206.3,10.9,11.5,20.6,43945,17.6
218,6.1,7.4,26.8,30460,25.2
227.9,8.1,9.5,30.3,30172,26.2
205.9,10,10.4,22.5,41139,20.8
242.8,6.6,9.6,33.7,30872,30.4
207.1,5,10.3,22.9,38916,21.6
185.4,9.7,9.8,19.8,54540,12.7
267.6,6,7.7,25.4,37061,19.4
222.1,5.2,9.6,24.6,38261,19.7
163.6,24.1,4.3,8.5,92097,5.5
159.8,8.3,8.6,21.4,43626,17.4
263.1,8.5,8.8,41.4,23047,45.1
188.1,7.2,6.4,21.2,47023,15.6
280.8,7.3,13.9,32.1,31265,27.5
238.4,6.6,10.7,30.6,32666,27.4
292.5,6.1,8.3,29.8,32783,26.7
219.5,8.6,9.1,23.8,32767,26
274,9.8,6.7,32.4,37281,23
228.1,4.6,11,28.9,33789,24.1
235.2,11.1,6.5,20.5,37287,23.4
214.9,6.7,11.8,27.9,33623,26.3
179.6,17.2,6.9,13.9,61989,10.9
155.7,14.1,5.7,14.1,57447,12.8
225.7,10.2,7,20.8,45269,15
180.9,12.7,6.4,12.3,67437,8.8
205,8.1,9.6,25.9,34633,26.7
183.7,6.3,8.5,24.4,40002,19.3
214.9,9.4,8.4,18.4,44676,15.8
228.4,6.6,14.6,17.6,46708,16.2
195.5,6.1,7.8,22.5,44119,18.9
192.7,17.2,7.9,17.8,48925,18.3
180.2,6.8,6.1,16.6,39983,19.7
202.2,4.4,12.6,30.3,30619,26.2
213.7,5.3,7.2,20.8,43024,17.3
240.1,8.9,10.2,33.2,31086,29.8
259.5,5.6,9.7,40.2,25768,36.2
182.8,20.2,4.8,13.5,57067,11.2
230.5,7.6,10.1,23.1,40269,22
201.6,6.9,8.9,23.8,36852,22.5
170,18.9,6.4,15.4,67299,13.7
188.9,7.5,10.3,22.2,46317,17.8
228,6.3,9.6,24.1,34022,25.5
198.3,10.7,5.7,19.8,43918,18.9
153.9,2.7,19.2,34.2,27512,37.3
165.3,12.2,14.1,23.7,42985,22.9
190,7.4,10.7,27.1,31577,28.5
151.9,29.2,8,12.1,66970,13
189.2,8.6,8.3,26.3,33125,28.1
184,8.1,8.3,26.2,33509,26.5
156.9,21.6,7.1,9.6,68067,9.5
183.4,8,6.6,24.8,32408,26.1
169.3,18,7,13.1,60809,12.5
197.9,8.4,11,23.4,43111,19.9
164.9,8.9,15.5,29.3,31176,32.5
238.2,10.2,6.1,18,42953,16.4
179,19.6,8.5,15.4,57491,11.8
198.3,9.3,6.5,27.2,33968,27.7
157.4,24.2,11.3,17.6,50597,20.4
190.6,8.9,9.8,22.4,32293,25.9
124.3,6.7,11.7,23.9,31103,30.4
194.2,11.1,18,26.8,32150,31.7
175.3,16.7,10.5,16.1,54581,14.2
200.4,8.3,9.4,27,34906,29.9
126.4,6.5,10.1,24.9,34444,27.1
201.7,11.5,6,13,61195,11
176.8,5.7,10.8,27.3,35351,21.4
205,6.1,13.2,29.4,30119,32.7
194.4,10.3,10.3,27.5,33293,26.6
182.8,10.2,12,26.7,37813,19.6
140.8,28.8,7.6,9.9,79069,6.9
165.7,17.6,7.9,20.9,46867,15.8
202.2,6.8,10.2,23.1,34553,20.6
209.1,6.7,11.5,27,36482,20
174,8.2,7.9,26.4,36642,24.9
213.5,5.2,7.3,24.8,31740,26.5
192,7.9,4.4,26.2,34201,25.9
127.6,4.3,7.1,24,43115,27.3
186.1,9.2,8.4,18.4,37008,29.5
138.7,7.2,8.5,18.2,46018,16.9
192,11.5,10.1,18.3,49698,13
218.3,7.1,9.7,26.6,31081,28.5
194.4,12.8,7.1,17.1,41324,18.7
180.7,7.2,13.8,22,35078,26.7
199.3,14.5,12.4,24.1,36014,28.2
162.6,9.7,4.8,19.3,40454,23.2
210.8,4.7,10.9,25.8,36865,21.7
159.3,9,17,25.6,32903,28.8
208.9,20.4,9,14.6,66556,11.9
184.2,16.9,9.1,15.7,36315,31.4
203.3,5.6,8.2,27.8,35055,31.1
240.6,7.1,10.3,18.9,41505,21.3
162.8,6,7.7,25.4,30760,38.5
193.3,7.7,9.8,18.9,41574,16.6
173.3,13.2,8.5,13.2,51793,12
174.8,10.2,8.1,25.7,31829,29.1
194.5,11.1,12.1,19.8,43442,22.9
161,12.2,8.1,14.9,50728,12.6
170.6,5.9,13.8,16.6,34312,29.5
168.8,20.3,9.7,16.4,50154,17.9
220.6,19.3,16.5,7.4,45933,18.8
203.9,5.7,10,26.5,34830,21.1
161.9,20.2,9.2,14.5,31487,37.8
175.4,8.6,7.7,19,45567,17.5
192,19.5,7.3,13.6,41256,25.2
159.7,15.2,7.8,15.8,51175,13.6
211.9,10.2,13.2,25.4,30675,31.4
214.8,10.9,16.9,24.7,28518,32.1
164.7,24.7,8.5,12.4,58833,14.2
190.3,9.7,11.4,23.7,32977,25.6
189.8,7.4,9.9,19.7,37707,20.2
192.7,10.7,8.4,20.9,36536,22
205.1,14.6,9.8,20.6,42943,19.6
187,8,20.7,26.7,34733,25.3
176.2,6.5,18,28.9,26580,35.1
189.8,19.2,8.8,20.9,43054,22.5
184.9,14.4,9.9,17,45082,15
230.7,7.2,11.2,30.2,27403,46.9
178,6.7,13.8,24.1,31933,25
183.3,14.3,10.2,19,31844,26.4
181.2,9.5,10.3,22.5,36939,20.4
212.3,10.7,11.1,20.2,35585,20.9
183,9.9,8.4,16.9,50571,14.3
154.8,26.9,5.5,9.5,69432,9.6
216.2,9.8,16.8,26.2,25413,38.1
197.4,8.2,13.8,23.6,39999,22.5
200.5,11.3,9,23.5,36779,21.3
179,17.6,7.6,16,46892,18
231.3,6.5,11.4,19.9,37245,23.5
212.2,6.7,20,20.2,41321,18.5
221.7,8.1,20.8,35,24035,33.7
203.4,6.8,9.6,22.8,35528,20.1
203.3,10.3,2.1,6.2,68387,9.9
167.5,20.9,6.7,12.9,75200,10
218.8,7.6,17.6,36.1,45808,23.8
191.9,10.7,12.3,20.2,41123,20.5
216.6,10.9,12.5,30.2,51082,17.5
177.2,19.7,7.9,10.4,67801,9.5
126.3,24,3,9.3,67260,9.8
166.3,24.5,5.2,8.7,80835,7.9
168.1,14.5,9.4,14.5,62532,11.5
205,15.7,7.9,14.4,57776,12.4
181.9,18.2,6.3,14.6,67972,8.3
184.3,13.7,9.8,15.8,73981,10.7
277.6,10.3,16.5,33.7,47160,26.1
256.9,10.4,9.3,12.4,75682,11.5
208.5,7.6,8.9,24.1,34116,21.3
199.3,6.9,21.9,31.5,65192,23.2
150.1,18.7,3.8,12.1,65765,8.6
184.3,12.1,9.4,19.8,59641,13.8
191.4,19.7,10.7,9.2,73998,9.9
206.6,7.4,18.2,25.4,36708,25.7
142.1,6.9,18.2,38.8,32366,33.1
154.6,14.5,8.7,20.5,45025,18.7
119.8,19.5,8.8,17.8,48653,21.3
163.3,9.7,12.8,29.4,37677,24.4
174,8.1,14.1,28.4,46046,20
191.2,7.9,7.9,20.3,38013,18.6
161.2,8.2,10,14.7,59416,10.3
126.1,6.4,11.2,31.3,32533,22.8
146.6,19.5,7.7,19.8,53929,17.1
196.6,7.6,13.2,29.2,37704,20.8
146.8,9,19.8,37.8,35457,28.5
155.5,17.7,10,22.9,45871,18.7
133.5,11.7,10.6,22.8,49876,17.6
132.8,14.6,11.3,27.9,37465,23.6
156.6,16.1,10,23.3,44145,15.6
126.8,9.4,13.1,26.3,39700,22.6
182.4,15.6,12.9,23.2,38878,22.1
205.4,6.7,11,29.4,33644,23.8
178.6,15.4,8.7,19.4,42830,17.6
179.1,10.3,11.9,26.5,37715,24.5
219.4,13,10.5,18.8,45411,17.4
167.3,14.5,9.9,20.2,44854,19.7
202.6,9.6,10.7,22,38268,21.1
247.3,8,14.9,26.2,31510,27.8
166.8,18.7,7.5,15.3,54098,13.8
159.8,11.3,14.3,24.3,38694,24.6
193.6,10.7,13.9,31.1,32283,30.1
231.1,5.5,15.5,29.5,31170,31.4
185.1,10.7,10.2,21.5,42000,19.4
172.9,13.7,10.4,18.7,39548,17.5
194.1,11.7,12.8,26,31382,30.8
165.3,13.1,9.2,17.4,41375,19.5
184.8,22.1,9.4,16.4,49782,16.1
160.1,8.8,9,22.1,42286,20.6
181.6,14.6,8.9,19.9,44050,17.7
185.2,11.8,12.4,23.1,37906,23.2
207.1,7.6,12.3,24.2,37501,19.6
224.8,7.3,11.6,26.3,29609,28.3
185.8,20,8.9,15.2,54196,14.6
158.3,12,1.9,10.6,50896,10.8
161.7,15.6,2.9,18.2,49583,15.1
170,14.4,14.7,36.4,34326,34.8
145,13.7,0.9,12.2,47987,15.2
162.6,27.4,3.1,9.7,52930,14.1
154.6,20.8,2.5,13.3,53150,11.8
174.9,16.2,2.6,14.5,47224,14.8
194.3,15,3,17.5,41446,15.8
181.9,13.2,5.1,20.6,41395,24
138.4,15.7,2.8,14.4,48024,13.8
170.9,23.4,6.8,13,43453,24.9
166.4,16,2.9,12.8,52892,10.3
195.9,12.7,29.4,41.4,31420,38.6
158.7,19.2,5.2,14,51244,10.7
151.2,19.8,3.3,11.1,48675,12.3
150.3,12.7,3.9,20.4,43305,16.3
113.9,16.3,3.1,13.8,51246,10.1
229.8,9.1,24.6,32.9,34936,27.2
166.5,14,0.4,11.1,49251,11.6
162.6,15.6,1.8,10.9,57148,10.5
187.8,16.5,4.1,17.6,42007,17
146.6,17.5,0.7,10.4,46633,13.2
150.3,15.3,4.1,12.1,52816,10
169.4,13.6,2.1,20,36836,18.3
170.8,16.3,2.5,14.1,43699,12
145.4,15.2,2.5,12.5,53944,10.4
130.6,17,1.7,9.9,51201,10
154.1,19,1.1,8.5,61945,8.1
162.5,22.5,3.1,13.4,58340,11
130.4,19,3,16,48879,13.2
148.3,14.3,17.4,30.3,31922,33.9
161.3,11.5,0.9,15.8,48773,14.9
165.5,17.4,2,11.3,51837,10.1
155.3,24,4.4,12.4,53175,9.5
161.8,20.4,3.8,12,45945,13.6
120,27.2,1.9,6.3,79857,4.3
136.6,13.4,7.4,20.7,40639,24.9
202.5,17,2.1,11,57741,10
97.3,13.1,6.7,11.9,38469,17
187.6,16,0.7,12.1,50155,12
147.9,17.5,2.3,13.2,54771,10.4
240.1,12.9,12,38.2,34237,33.2
183.1,17.7,4.1,14.8,49159,12.4
184.3,20.8,4.4,12.4,55107,11.5
166,18,6.1,15.9,53654,12.3
159.7,18.6,4.8,15.7,48379,14.1
209.6,13.4,4.5,13,39936,15.2
145.7,16.7,0.5,12.3,52758,11
179.9,11.2,7.6,21.2,45911,20.4
143,12.6,3.4,12.1,46281,14.7
153.9,17.1,1.1,18.3,48125,11.7
159.7,15.5,1.4,14.2,67172,8.8
179.1,20.5,1.7,10,59879,6.3
238.8,10.3,25.4,43.3,27481,47.4
162.1,17.5,2.1,20.7,40545,19.9
154.3,16.2,2.5,12.2,55708,10.2
166.5,17.6,2.9,7.5,72041,6.3
146.4,17.7,5.8,17.1,41831,15.9
137.1,19.3,3.6,13,47363,13.8
195.6,13.3,7.7,21.8,46689,15.6
184.4,9.5,7.7,22.7,42252,19.1
238.4,6.2,14.3,25.8,34382,21.4
171.4,6.1,9.6,25.7,34948,28.5
172.5,15,7.8,17.5,47175,14.7
184.2,12.9,11.2,19.6,43065,17.5
218.3,6.7,9.9,26.7,33333,22.7
210.1,10.1,12.9,21.8,41068,16.4
207.8,8.7,11.5,25.1,36627,20.8
193.2,10.7,8.1,22.8,34354,24.6
238.1,13.7,7.8,18.7,51475,12.7
180.6,9,13.5,19.7,40980,20.1
218.3,8.3,8.2,23.6,33640,24
217,6.9,7.2,31.1,30744,24
221.7,6.4,11.1,28.8,30860,27.8
194,11.7,8.8,21.2,45235,16.8
184.3,9,7.4,22.9,37853,19
182,11.3,9,21.6,40839,16.6
180.1,14.7,5.4,17.4,52578,11.8
165.9,8.7,10.4,24.5,41268,17.5
188.3,12.6,8.6,19.1,50877,12.1
215.7,10,10,28.3,37758,19.9
193.1,11.6,7.9,18.9,44435,16.5
213.6,6.5,7.5,27.5,41045,17.5
197.6,9,9.4,25.2,39738,16.2
193.1,13.7,7.8,14.3,70092,8.5
236.7,8.9,4.5,18.7,49790,14
170,14.7,6.8,22.5,48767,11.6
195.3,8.2,18.1,26.9,37331,20.6
178.2,11.2,7,14,50999,11.7
188.5,14.5,5.8,15,51025,11.3
185,10.3,7.5,20.9,46895,15.8
171.5,18.9,10.4,19.5,34395,30.4
174.1,12.3,5.5,16.3,52919,11
196,10.2,9.2,23.1,43073,19.5
175.9,11.4,8,13.5,52493,11.6
166.9,15.1,5.6,14.9,51282,10.7
175.2,11.4,10.3,20.4,45773,15.9
156.6,20.4,7.6,18.3,72131,10.7
192.2,11.5,9.8,19.8,56326,14.7
161.7,22.6,6,11.6,90640,5.4
180.1,11.4,7.4,24.5,38992,19.3
160,25.6,7.9,15,78001,9.5
191.3,10.9,9.8,19.4,51205,13.6
174,7.3,6.1,24.8,41759,18.1
194.2,10.9,7.5,15,54472,10.9
176.6,9.4,6.3,18.9,53918,11.9
189.5,12.3,7.8,17.8,54353,12.6
175.1,18.5,9.4,15.9,42684,23.6
181.4,21.7,8,12.5,76856,6.9
168.5,30.1,5.5,12.6,60460,14.3
197.9,15.2,10.5,22.2,47575,16.3
185.1,12.2,9.6,18.7,48544,12.9
189.2,16.3,8.9,18.2,54375,13.1
219.1,9.6,9.6,26.1,44289,18.6
164.3,12.4,6.5,16.5,53732,10.7
204.9,9.6,9.5,23.8,46878,14.8
169.8,11.1,8.8,25.7,40590,20.7
199.6,16.8,5.7,17.3,61388,10.1
179.9,10.6,6.2,14.2,54916,9.6
153.4,18.9,5.2,11.3,73684,5.1
208.6,8.2,5.4,22,45288,17
187.8,14,8.3,19.4,46406,15.1
177.7,10.7,4.9,19.6,52790,11.8
168,12.9,8,15.5,57126,11.4
194.4,18.2,8.7,21.7,52448,16.7
174.6,9.4,8,19.6,42032,16.7
164.9,17.9,6.3,11.4,65971,7.4
176,11.5,5.6,22.5,39005,15.2
173.5,9.8,10,26.7,40722,19.7
192.1,8.4,16.2,29.5,33943,23
198.1,8.2,9.9,14.9,62024,8.9
178.5,8.7,6.7,18,47862,13.8
179.3,15.6,5.4,19.9,43396,14.6
176.2,14.5,7.9,20.1,48024,16.3
191.2,16,8.9,22.2,50155,19.1
192.1,9.8,13,30.4,38329,21
185.5,20.9,7.9,18.6,55371,15.3
214.2,10.3,5.3,18.5,47092,13.2
169.5,8.9,9.4,21.4,51584,12
164.4,10.9,6.2,18.8,48994,11.7
160.4,13.2,7.7,15.5,50219,11.9
182.6,11.5,9.9,26,48569,14.1
192.2,17.5,5.5,14.8,60490,9.1
206.9,13,7,25.7,40957,17.9
203.1,9.6,10.7,24.1,42036,19
197.8,11.4,8.7,18.4,49385,14.8
172.8,15.3,9.2,20.7,44180,13.5
162.6,13.8,5.5,18.1,54683,10.2
180,10,5.3,18.8,46839,14.9
230.3,8.7,8.8,23.1,46927,14.1
190.9,10.7,8.1,21.7,49895,12.2
176.4,21.2,7.8,13.3,75176,8.1
207.4,12.5,7,21.5,46322,15.8
191.5,14,11.5,22.9,47708,16.9
163.5,19.8,5.9,12.6,70127,6.3
159.3,9.9,6.2,12.8,50172,15.4
170.7,17.5,8,17.6,48651,15.2
185.4,18.1,5.4,11.9,54101,11.8
173.4,12,5.3,20.5,46196,12.8
189.1,6.6,9.8,19.8,39563,15
187.2,25.5,3.7,8.9,68352,7.2
190.7,11.1,6.2,16.6,52582,12.9
166.3,11.4,8.2,11.9,55318,10.9
187.3,9.2,8.7,16.4,44430,13.8
189.8,14.2,6.8,13.9,52050,10.6
186.4,9.6,7.8,16.8,44385,14.5
193.9,10.4,7.3,15.9,49945,12.6
185.8,5.7,6.6,24,40657,18
176.6,8.1,5.4,19.2,47670,13.8
193.8,13.2,8.1,12.5,59280,11.7
186.7,10.7,6.3,16.3,50258,13.1
185.8,11.4,7.5,15.4,51911,10.1
184.8,13.3,10.1,16.8,39449,22.2
177.7,12.9,3.3,12.4,53211,8
170.1,12.3,7.4,19.1,50192,13.9
222.5,6.7,12.1,22.5,40122,16.4
179,16.4,7.3,12.5,53186,11.6
167.8,18.8,4.3,12.4,55320,11.5
160.2,12.1,4.6,16.8,47342,11.3
151.3,12.6,5.1,20.1,45522,14.4
165.4,14.1,3.5,19.9,48292,12.7
165.3,11.8,4.2,17.5,51045,12.1
181.2,15.6,3.7,18.3,54154,11.7
186.9,14.1,5.6,17.6,49125,13.2
151.8,17.4,3.9,10.8,61215,6.7
168.5,13.7,5.4,15.6,49507,12.4
153.2,14.5,3.8,16.4,53691,9.4
171.3,13.2,1.5,13.9,57682,8.4
169.8,13.1,4.9,12.4,53277,11.7
178.1,13.3,3.6,17.6,52824,11
183.1,14.6,5.1,18.2,50347,13.3
165.8,7.9,3.4,15.2,49837,12.1
129.4,13.5,4.8,16,49696,10.1
159.8,15.2,3.7,15.7,53905,10.9
163.4,13.2,1.8,11.9,58234,7.5
191.7,10.4,4.4,15.2,50299,11.3
181.7,14.5,5.4,14.8,52750,11.2
163,17.7,6.4,20.8,41094,16.9
156.2,27.4,3.5,10.4,59946,15.9
154,12.4,5,14.6,51558,11.6
169.3,11.2,5.1,20.8,48316,13.5
138.4,14.7,2.1,12.8,52967,9.6
181.3,11.3,8.7,19.3,44719,17.7
169.4,21.6,4.8,13.8,62700,9.3
148,9.7,4.8,15.6,50924,11.1
184.7,12,5.8,16.8,42582,16
151.7,15.4,2.4,11,61750,7.9
172.2,16.4,5.7,12.1,62230,8.8
190.3,16.6,8,16.7,48584,12.9
176.6,17.5,4,12.7,57046,11.1
180.9,13.9,6.3,19.1,50244,13
194.9,16,3.8,12.8,59399,9.7
129.6,11.3,3.2,14.3,52616,11.5
165,10.1,5.5,19.3,43178,14.3
207.4,13,6.2,11.8,44705,11.7
148.3,10.9,9.6,21.2,42046,19.3
170.9,13.5,4.6,15.6,54441,11.4
176.1,13.7,2.8,16.4,55968,10.3
162,13.6,3.3,14.6,51423,9.1
179.7,13.8,5.1,19,46927,14.6
152.6,15.1,2.9,14.7,50600,11.5
156,16,3.4,14.1,62745,7.6
142.7,14.2,4.9,15.8,49625,12.9
188.7,25.1,5.8,16.5,61028,13.1
183.8,14.7,5,17.2,51947,12.3
154.2,15.3,4.8,14.8,52791,12.1
172.1,14.4,4.8,14.9,42854,16.6
174.1,14.9,4,13.3,49513,10.8
185.1,20.4,5.4,14.8,54959,12.2
138.5,16.1,2.9,14.6,55637,9.6
140.7,17.9,1.8,11.2,60205,7.5
152.5,27.3,5.5,7.8,52128,19.5
171.6,11.2,5.6,14.1,54957,12.9
181.3,10.3,4.4,17.5,46501,13.1
173.4,11.5,5.4,16.8,44905,12.8
181.9,9.5,6.6,19.5,42555,14.4
182.7,11.1,8,18.9,42414,16.7
170.6,20.4,4.8,12.4,67342,6.3
160.4,14,4.2,15.8,56243,10.2
150.9,9.9,4.3,18.1,42006,16.7
169.2,13.5,8.4,19.7,43490,16.3
163.3,15.8,6.2,11.1,50703,10.4
138.4,16.4,3,9.7,55984,9.4
176.4,14.4,5.2,19.2,45641,15.2
136.5,11.7,4.7,16.1,50286,11
159.3,12.1,5.7,17.3,50108,12
196.4,12.2,7,19.6,39196,18.2
174.8,10.5,5.9,16.9,45368,14.3
180.2,12.7,7.3,15.6,44199,17.4
197.8,11.7,3.1,14.1,51676,12.4
178.3,12.4,6.8,17.6,46942,17.8
166.6,13.9,3.3,20.5,38430,18.4
184.2,12.1,4.5,18.8,45781,17.3
175,18.6,5.6,12.7,60123,11.3
177.8,16.5,2.9,14,47025,13.2
194.2,13.2,5.1,20.1,39120,16.4
150,16.9,1.9,9.7,41797,11.5
153.7,23.5,1.4,13.1,47650,13
169.2,16,1.9,12.2,53131,10.9
178.6,10.6,6.8,14.7,42697,14
176.6,15.6,5.1,14.6,55705,10.9
209.6,17.2,5.4,9.2,45353,11.4
184.4,12.7,7,17.4,45180,15
214.7,18.5,3.8,16.1,41434,13.9
181.2,13.6,6.7,15.6,47493,11.1
160.3,11.3,5.8,14.5,47599,15
153.7,26.3,6,8.7,49246,19.4
208.3,15,2,15.5,49256,10.5
215.9,11.8,5.3,20.3,36471,17.4
146.4,21.9,4.5,9.5,49508,13
149.6,15.2,4.3,13.2,46961,12.4
150.1,12.4,4.6,17.7,48609,18.8
153.9,12.8,6.4,16.8,51144,15
175,14.4,6.9,14,50745,13.3
213.6,13.7,9.2,12.6,41193,13.9
